size,treat,conf,var,Bias 1,SD 1,rootMSE 1,MAE 1,MedAE 1,Bias 2,SD 2,rootMSE 2,MAE 2,MedAE 2,Bias 3,SD 3,rootMSE 3,MAE 3,MedAE 3
200,0.25,1,Naive,-0.2443779779275701,0.5672319610620574,0.617634757560061,0.48208932884283734,0.3884671237195221,0.2169557397570685,1.4053253894457476,1.421973713974481,1.1219225863540787,0.9644173032575809,0.2547050813067795,0.64968591584662,0.6978298271734698,0.5636201128959151,0.48118791525502047
200,0.25,1,IPW,0.01503713686740582,0.5881676289673105,0.5883598178412568,0.45262140269408635,0.3472829879215311,-0.04367613096757861,1.4517928360505763,1.4524496697731295,1.1442989001746215,0.9539503097680413,0.021658301416678682,0.6587297524889814,0.6590857067441611,0.5319017355823714,0.4690926890520173
200,0.25,1,Aggregated cali.,0.015173617046897903,0.587181555525972,0.5873775768653294,0.45216780025155273,0.34736543936124775,-0.04337512702009594,1.4495715823976887,1.4502203881269042,1.1424109378506335,0.9705410197533433,0.02104177477600766,0.6572522196180831,0.6575889570838467,0.5309878408512521,0.4702768864935192
200,0.25,1,Calibration by time,0.015407437186112816,0.5886133250704703,0.5888149417016854,0.4533883416611613,0.3471462807894028,-0.03506440528525978,1.4396859156178468,1.4401128595170611,1.1351929380734316,0.9285916301444161,0.01811778951965648,0.6592022435323525,0.659451174974437,0.5354619811701229,0.4878792229414335
200,0.25,1,Aggregated cali. with time,0.015027306894666026,0.5880865981659364,0.5882785623281628,0.4525748500624896,0.3532470497958897,-0.04213804306420954,1.4469482824857656,1.447561724715664,1.1393699441312417,0.9682215489517887,0.02187120560930067,0.6543191732744672,0.6546846035683034,0.5288834328509177,0.47231832747528735
NA,NA,NA,NA,NA,NA,NA,NA,NA,NA,NA,NA,NA,NA,NA,NA,NA,NA,NA
200,0.25,1,Naive miss.,-0.2443779779275701,0.5672319610620574,0.617634757560061,0.48208932884283734,0.3884671237195221,0.2169557397570685,1.4053253894457476,1.421973713974481,1.1219225863540787,0.9644173032575809,0.2547050813067795,0.64968591584662,0.6978298271734698,0.5636201128959151,0.48118791525502047
200,0.25,1,IPW miss.,-0.10952147241505372,0.5909532289216526,0.6010163655782499,0.46521391552792535,0.36724366320488855,0.08261540201141049,1.4575600478033448,1.4598995162688408,1.1518971282750483,0.937288724922261,0.08098823647590025,0.6691847346086847,0.6740677291495062,0.5456878903918437,0.4769758547826912
200,0.25,1,Aggregated cali. miss.,-0.10986217974769374,0.5898424042898394,0.5999864668784896,0.4644382502818513,0.365431167598139,0.08054334429054766,1.4520251719253638,1.4542573122437406,1.1493921478872418,0.9334019443749035,0.08178539819804165,0.6662989278323995,0.6712995699306066,0.544275320498429,0.4748907163030789
200,0.25,1,Calibration by time miss.,-0.10924860696103167,0.5926856955974289,0.6026703841145126,0.4661544789168426,0.37015351309927524,0.09198637096885953,1.4487408860735538,1.4516582405735885,1.145293296515106,0.8931311887846007,0.07526237746340136,0.6669421408734969,0.6711752712476577,0.5445764223277387,0.47875717622037417
200,0.25,1,Aggregated cali. with time miss.,-0.1096405546245478,0.5907680239090264,0.6008559804909612,0.46513889804493935,0.3646803048817375,0.08260588280665804,1.4508170875783286,1.4531668704878773,1.1461369004274755,0.9346352481926918,0.08201485751466109,0.6645640692137657,0.6696057339532786,0.5433276977815126,0.47118114858025506
NA,NA,NA,NA,NA,NA,NA,NA,NA,NA,NA,NA,NA,NA,NA,NA,NA,NA,NA
200,0.25,1.5,Naive,-0.4925904791127067,0.5451889315104677,0.7347627856349362,0.5951205994917336,0.5109501216901577,0.46516507618436265,1.3669590571230852,1.4439375374137338,1.166281272863221,1.0080705109560437,0.49901878619219664,0.6488510126805113,0.8185520054518578,0.6621358504698102,0.5900856826899259
200,0.25,1.5,IPW,-0.03891727846894355,0.5651272352935476,0.5664656623608866,0.45942541122849495,0.3939378314423152,-0.00744030718129185,1.4561363953741087,1.4561554038302555,1.1535048932583944,0.9602089577054977,0.042554733406203304,0.7827635944514139,0.7839194793687491,0.5874786741763347,0.4549882885290173
200,0.25,1.5,Aggregated cali.,-0.04037287650253063,0.5634892821640686,0.5649337485677997,0.45855753035761326,0.3905525725586685,-0.0050871031625092655,1.453474346859116,1.4534832491625487,1.1521057942489914,0.9546059431692808,0.045460154131380826,0.7646741725833002,0.7660242919317922,0.5849593372112383,0.4578219526912388
200,0.25,1.5,Calibration by time,-0.03936627130774184,0.5639210981466435,0.5652934709083336,0.4592797723541422,0.3900439178690931,-0.013259099792844786,1.411122671088861,1.4111849618630004,1.1303284278769214,0.975681744585907,0.05128951337601784,0.7266701566738661,0.7284779549051363,0.5747821040782526,0.47107665614956695
200,0.25,1.5,Aggregated cali. with time,-0.039836229373051424,0.5647127754812853,0.5661161046662062,0.4591906123118749,0.39421706579722127,-0.01527097293886559,1.4378612133378563,1.4379423046269666,1.1441283584374309,0.9569501756808267,0.05218842926745726,0.7423085546362825,0.7441408619580108,0.5787781112752977,0.44876007159479414
NA,NA,NA,NA,NA,NA,NA,NA,NA,NA,NA,NA,NA,NA,NA,NA,NA,NA,NA
200,0.25,1.5,Naive miss.,-0.4925904791127067,0.5451889315104677,0.7347627856349362,0.5951205994917336,0.5109501216901577,0.46516507618436265,1.3669590571230852,1.4439375374137338,1.166281272863221,1.0080705109560437,0.49901878619219664,0.6488510126805113,0.8185520054518578,0.6621358504698102,0.5900856826899259
200,0.25,1.5,IPW miss.,-0.2390701301214051,0.5714766578106008,0.6194675920002918,0.49616074864840315,0.4125164654387419,0.19074376067212828,1.4540328092924772,1.4664905702848279,1.1596706110264063,0.9533931430291487,0.142670292052006,0.7717113911818428,0.7847886871725535,0.5975922377048097,0.4703713448746889
200,0.25,1.5,Aggregated cali. miss.,-0.2406878102068788,0.5704683614832703,0.6191645770193815,0.4959382521356113,0.41320798350315613,0.19420205712895644,1.433845493981687,1.4469372272509635,1.1491939068329207,0.9361850449000255,0.14579007347485273,0.7462157430273728,0.7603240629269187,0.5917933518534471,0.46569219668194317
200,0.25,1.5,Calibration by time miss.,-0.24484680934357073,0.5692243915932417,0.619650198120216,0.4956265213337851,0.41912651151619684,0.18402784870517674,1.4189141074823395,1.4307982015334864,1.1414866459696977,0.9371260946073634,0.1544495272006321,0.7341826861947747,0.7502525395896197,0.5983383497170227,0.494819836844163
200,0.25,1.5,Aggregated cali. with time miss.,-0.24026306862728575,0.5709160155634762,0.619412172122146,0.4962709280141176,0.41110447796050664,0.19181484277893368,1.4363245678093102,1.4490759807556362,1.150669179355313,0.9575096534748262,0.14794978076086096,0.7455215404430978,0.7600601982026399,0.5900886985308195,0.46849964612432693
NA,NA,NA,NA,NA,NA,NA,NA,NA,NA,NA,NA,NA,NA,NA,NA,NA,NA,NA
200,0.25,2,Naive,-0.733371565969918,0.5748512403743066,0.9318196189891307,0.7961754450652101,0.7429154624374164,0.654345391843731,1.379612019153269,1.5269241026387939,1.2093582910668657,1.0140191164166632,0.8407822968761312,0.7256899763005741,1.1106488249862918,0.9331374113955028,0.8932986774586287
200,0.25,2,IPW,-0.035601677959007816,0.6307246523717231,0.6317286336576236,0.5011652057108317,0.42868443932995604,-0.08766852796132518,1.5877370053981688,1.5901555172704493,1.2558600996234615,1.0250636181602075,0.12248024774840438,0.950120276545195,0.9579822289535587,0.7477791385970891,0.6110388938176881
200,0.25,2,Aggregated cali.,-0.038542263506968766,0.6283793031358781,0.6295602073557162,0.4999000026798047,0.43177712368339627,-0.08193727789637428,1.5820782650317444,1.5841986473277025,1.2513353887075866,1.0242761773075513,0.1280953948543706,0.9382451580618599,0.946948999054026,0.7418969206441051,0.5967165200201134
200,0.25,2,Calibration by time,-0.035747878440417935,0.625401389134876,0.6264222284887594,0.49939027366190974,0.42751274361759783,-0.09148660606294357,1.5753914201190793,1.578045603166691,1.258086277139457,1.0761969581135107,0.13340336134618536,0.9547120098378595,0.9639872813201977,0.7492850481292757,0.6217376980948162
200,0.25,2,Aggregated cali. with time,-0.03922555393607752,0.6306318997971281,0.6318506446331499,0.5009586483939976,0.4344400254884917,-0.09143251292605825,1.5710198533030912,1.573678265685982,1.2394559390484694,0.9934951557014458,0.14225173307806216,0.9280601413559705,0.9388989197657946,0.7372461920083934,0.595933040527493
NA,NA,NA,NA,NA,NA,NA,NA,NA,NA,NA,NA,NA,NA,NA,NA,NA,NA,NA
200,0.25,2,Naive miss.,-0.733371565969918,0.5748512403743066,0.9318196189891307,0.7961754450652101,0.7429154624374164,0.654345391843731,1.379612019153269,1.5269241026387939,1.2093582910668657,1.0140191164166632,0.8407822968761312,0.7256899763005741,1.1106488249862918,0.9331374113955028,0.8932986774586287
200,0.25,2,IPW miss.,-0.3089554603521094,0.6561995842027789,0.7252939892135353,0.5787999368485497,0.5055369676443036,0.1791046764481976,1.5995968028218353,1.609592624462305,1.2660651950935535,1.0522694747051895,0.27322803888753544,0.9809253813573421,1.018267236547153,0.7895231509491752,0.6353647247889183
200,0.25,2,Aggregated cali. miss.,-0.3116591764047172,0.6520871579052067,0.7227372300789248,0.5775426034952509,0.5079189641947863,0.19571420199990808,1.5843737904541553,1.5964160976207076,1.2558375204095116,1.0516500445226582,0.2783927005044733,0.9606768813194735,1.0002012627445953,0.7811972584841507,0.633526455322849
200,0.25,2,Calibration by time miss.,-0.33128978614372784,0.6321131647767775,0.713666571647622,0.576551855119731,0.5301439301510058,0.2243446313243238,1.6113202504401836,1.6268630744726682,1.2827776383153682,1.0456651944024427,0.2558797250663236,1.0121935204657604,1.0440355149959637,0.8025243847138978,0.6442631243958701
200,0.25,2,Aggregated cali. with time miss.,-0.3117275891478073,0.6525004722308466,0.7231396518635816,0.578753038078926,0.508877046787795,0.18907393727647026,1.576045795398498,1.5873466234413045,1.2548635886874402,1.0525393150742555,0.28573788536758826,0.9493776766399893,0.9914454659922981,0.7784946333215982,0.630791893367282
NA,NA,NA,NA,NA,NA,NA,NA,NA,NA,NA,NA,NA,NA,NA,NA,NA,NA,NA
200,0.5,1,Naive,-0.26288758679847035,0.689136311501869,0.7375762598695299,0.5924254858773693,0.504267551012461,0.27270990116503846,1.097386093966861,1.1307638698796885,0.9018781177819034,0.7297269058764368,0.22929372814218096,0.4183395446737589,0.47705721711676086,0.39251834185784734,0.34430806760046573
200,0.5,1,IPW,8.946632849671232e-4,0.6977887955418247,0.697789369083611,0.5580953264605745,0.4863070984959066,0.010530557625562764,1.1189537366952542,1.1190032875323368,0.8904864729158745,0.745812385623577,-0.00633200979245796,0.4213240848104746,0.4213716634865185,0.34041447307139516,0.2949388728932427
200,0.5,1,Aggregated cali.,4.780302342766163e-4,0.6970744458319809,0.6970746097404984,0.5573146606388288,0.48389855388457903,0.011818633501653686,1.1183980085170966,1.1184604532806934,0.8899728288483444,0.7249121081871723,-0.0062357911120178855,0.4211458683360649,0.4211920316284851,0.34012845052929264,0.29681910232362374
200,0.5,1,Calibration by time,-4.0868932897808463e-4,0.6981089115416388,0.6981090311697875,0.5587888952292692,0.484069477426452,0.012091501366191082,1.1162855079971445,1.1163509930885231,0.887662854944925,0.7589284656972035,-0.004060869748510942,0.4247577206931647,0.4247771320958402,0.3429882109527662,0.3058007178104225
200,0.5,1,Aggregated cali. with time,4.2652190107617116e-4,0.6975480570362763,0.69754818743655,0.5578841622207327,0.4864427404843781,0.009947328111503673,1.1201470484246732,1.120191215565925,0.8903875261630299,0.7310078027810105,-0.005061652269997552,0.420094559221115,0.4201250516344928,0.3395219855281452,0.2998217282604214
NA,NA,NA,NA,NA,NA,NA,NA,NA,NA,NA,NA,NA,NA,NA,NA,NA,NA,NA
200,0.5,1,Naive miss.,-0.26288758679847035,0.689136311501869,0.7375762598695299,0.5924254858773693,0.504267551012461,0.27270990116503846,1.097386093966861,1.1307638698796885,0.9018781177819034,0.7297269058764368,0.22929372814218096,0.4183395446737589,0.47705721711676086,0.39251834185784734,0.34430806760046573
200,0.5,1,IPW miss.,-0.13143512329344276,0.703204088655691,0.7153818434495268,0.5747627109660092,0.49334263898124675,0.13556996499289564,1.1255975597418264,1.1337323678474251,0.9089185993397803,0.7438088879109683,0.052326365138974484,0.4243701284632781,0.4275839735310439,0.349159017344953,0.3011486780708481
200,0.5,1,Aggregated cali. miss.,-0.13227486578779235,0.7025524600321347,0.7148962156959447,0.5745155486978057,0.4916492720882957,0.13797901471583085,1.1231990914773764,1.13164234968366,0.9069854177383881,0.7398930301064852,0.05223639261562729,0.42320563200360534,0.4264172225333599,0.34825140418166756,0.299998390611806
200,0.5,1,Calibration by time miss.,-0.12955031458362498,0.7012268642364834,0.7130935416448866,0.5723897543671479,0.4913976625845393,0.14029929213168568,1.1200688033555284,1.1288215162827724,0.9028673659512216,0.7339672467147333,0.05277499072978875,0.42460859991360916,0.42787575622734775,0.3500318730785623,0.305798413786178
200,0.5,1,Aggregated cali. with time miss.,-0.13184177106852246,0.7026701633135681,0.714931892567118,0.5745635765226065,0.49291357230763566,0.13543453818019024,1.1259873686377633,1.134103200094187,0.9092595211191992,0.7474654137162879,0.053311674179476576,0.42337327685719134,0.4267166110671281,0.3483163059630002,0.29710549394731967
NA,NA,NA,NA,NA,NA,NA,NA,NA,NA,NA,NA,NA,NA,NA,NA,NA,NA,NA
200,0.5,1.5,Naive,-0.4570902618348214,0.6850989530261871,0.8235848972035629,0.6619087040408931,0.554221642104423,0.4921108323299066,1.0716978359502467,1.1792833937933982,0.9722789904344494,0.8999246531313698,0.4616909404438214,0.45060039940126867,0.6451350590601034,0.5257159146023691,0.45536610595962346
200,0.5,1.5,IPW,-0.003094299221444885,0.7265000918642205,0.7265066814327261,0.5776362569809753,0.48264596864179055,0.031278145807082325,1.1628069348851093,1.1632275315784235,0.9396881989578966,0.809846322551317,-0.006017405810279097,0.4920714083446569,0.4921081995689359,0.3861370809207377,0.30794709324190905
200,0.5,1.5,Aggregated cali.,-0.004582077660415962,0.725056416426956,0.7250708947665638,0.5767007938129567,0.48571745586563964,0.0347725300904953,1.162275727261395,1.1627957666890172,0.9411943023930474,0.8146163375136615,-0.005332338212071797,0.4912370923972685,0.49126603259102947,0.3858016772277494,0.3141522230068492
200,0.5,1.5,Calibration by time,-0.003084518391759161,0.7271565039781995,0.7271630460436685,0.5779380555338698,0.48191232617539015,0.02092697025194834,1.1439320745481238,1.14412347640624,0.9226912365710406,0.7842169512200798,0.0033740712558620878,0.4864447707175437,0.4864564721691791,0.38431322499185244,0.30979718741592754
200,0.5,1.5,Aggregated cali. with time,-0.005422078816593512,0.7272010577096493,0.7272212711910495,0.578478501863229,0.48747498046896,0.03204158975774529,1.1611196792492495,1.1615616957415924,0.937928753761031,0.794919138545263,-0.0026934560593621093,0.4881322738221526,0.48813970485131475,0.38443740142968513,0.317953816162204
NA,NA,NA,NA,NA,NA,NA,NA,NA,NA,NA,NA,NA,NA,NA,NA,NA,NA,NA
200,0.5,1.5,Naive miss.,-0.4570902618348214,0.6850989530261871,0.8235848972035629,0.6619087040408931,0.554221642104423,0.4921108323299066,1.0716978359502467,1.1792833937933982,0.9722789904344494,0.8999246531313698,0.4616909404438214,0.45060039940126867,0.6451350590601034,0.5257159146023691,0.45536610595962346
200,0.5,1.5,IPW miss.,-0.20084618418273692,0.7296745850201494,0.756811858869226,0.5999718549434624,0.5043661476052037,0.23249662130934734,1.1829220141258692,1.2055534705784996,0.9794272264629437,0.8670431302040233,0.07095973315421267,0.5196272973755155,0.5244500089685379,0.4114456711086902,0.3294319842190436
200,0.5,1.5,Aggregated cali. miss.,-0.20273486643456806,0.7274798559829236,0.755200878527811,0.5988400830776331,0.5053621916294802,0.2378446665885905,1.1782132966308616,1.2019803067365125,0.9795393960976363,0.8806740343809532,0.0719476821811158,0.5161924082748084,0.5211823781861599,0.41000882895758806,0.3287363567238393
200,0.5,1.5,Calibration by time miss.,-0.20499012212864898,0.7274302086081017,0.7557616413697805,0.599280367003054,0.5044861105735094,0.2304380037132132,1.1479026118568736,1.1708040313661219,0.9573622459077396,0.865148996753895,0.08878387774250829,0.4954081151099652,0.5033008816441763,0.3985242366720186,0.3175041666176266
200,0.5,1.5,Aggregated cali. with time miss.,-0.203569586811426,0.7290495061470048,0.7569370905747493,0.6000390727027856,0.5029015802831722,0.23431239770748302,1.1756452042840586,1.1987676781076204,0.978167210151278,0.8719082334450334,0.07565659406524361,0.5107318401103513,0.5163050771860166,0.40842283364852267,0.3321832003907357
NA,NA,NA,NA,NA,NA,NA,NA,NA,NA,NA,NA,NA,NA,NA,NA,NA,NA,NA
200,0.5,2,Naive,-0.7073927957710566,0.7051925547647939,0.9988498920280708,0.8279656404742368,0.728728687526818,0.6512738590414688,1.1503027579210194,1.3218752113386008,1.054892785697296,0.8706421861179092,0.820450891767198,0.524910083989432,0.9739970544490281,0.8459018990455529,0.7957417424049655
200,0.5,2,IPW,-0.04143127944301739,0.7837387870248472,0.7848331269788911,0.6231780959806921,0.5325856415019246,-0.060266168052169,1.2735494628344315,1.2749746057461542,0.9975741663320664,0.8675991808045711,0.09873511231655296,0.6559832841344388,0.663372211859953,0.5154447336869641,0.4431207093147642
200,0.5,2,Aggregated cali.,-0.04584129688865346,0.7752177294180149,0.7765719235875428,0.6188883227966837,0.5272743624976215,-0.04918797480740711,1.264597738831458,1.2655539885454474,0.9894419283798899,0.8510463732355751,0.09980506530426458,0.6521320142589105,0.6597251056931004,0.5134850995043801,0.4424324872769303
200,0.5,2,Calibration by time,-0.04883820538971406,0.7588854258183314,0.7604552977165443,0.6141669562490648,0.523251796050836,-0.07096649370920183,1.2270462904433044,1.22909675864842,0.9588683687582626,0.7959579410557551,0.11485690319830155,0.6221321720918473,0.6326456731568026,0.5029947395725726,0.44385509237823273
200,0.5,2,Aggregated cali. with time,-0.04977463073664978,0.7736107796172327,0.7752103922193977,0.6192405435911156,0.5265523035453299,-0.04266001231742589,1.2562019969200997,1.2569261448935531,0.9891330883834999,0.8664640570581739,0.1033244338469097,0.6404390044928082,0.6487203227165954,0.5041400674963231,0.4431028712112004
NA,NA,NA,NA,NA,NA,NA,NA,NA,NA,NA,NA,NA,NA,NA,NA,NA,NA,NA
200,0.5,2,Naive miss.,-0.7073927957710566,0.7051925547647939,0.9988498920280708,0.8279656404742368,0.728728687526818,0.6512738590414688,1.1503027579210194,1.3218752113386008,1.054892785697296,0.8706421861179092,0.820450891767198,0.524910083989432,0.9739970544490281,0.8459018990455529,0.7957417424049655
200,0.5,2,IPW miss.,-0.3090615985190084,0.800124978797085,0.8577406679026945,0.6820162816010048,0.5941340039507637,0.16563710694906142,1.3634841891943654,1.3735082036090904,1.0278105628444725,0.8077240670792802,0.25339466377608844,0.7044849692811961,0.748670773820726,0.5803135565271489,0.5015931704779757
200,0.5,2,Aggregated cali. miss.,-0.3141863675131731,0.7882202107800381,0.8485305970990382,0.6779582388966747,0.5934903535202309,0.2040051962276186,1.2590417130827392,1.2754623300474959,0.9970834250902751,0.7991224887861956,0.2484650484741615,0.6807362635504307,0.7246631913005303,0.5692872139413571,0.493811619292569
200,0.5,2,Calibration by time miss.,-0.3311931599618987,0.7709568267258636,0.8390848216245848,0.673032700892418,0.5935144495739735,0.2244389946605434,1.231135288957672,1.2514259714586102,0.9752013013240499,0.8006459263929555,0.2637509051438869,0.6585888915180502,0.709439122120562,0.5698521048945027,0.5052640525617809
200,0.5,2,Aggregated cali. with time miss.,-0.31804129362114963,0.7931565024608874,0.8545452017559996,0.679044356859949,0.5956152684453144,0.20273843058448904,1.27164187094396,1.2877017974568945,1.0052359067475207,0.7942805010689784,0.25561286269264505,0.6789520258756422,0.7254748713874022,0.5677248457369842,0.4797540241288485
NA,NA,NA,NA,NA,NA,NA,NA,NA,NA,NA,NA,NA,NA,NA,NA,NA,NA,NA
200,0.75,1,Naive,-0.2880354124087461,0.9588726822465418,1.0011998899121763,0.7989930750079679,0.635497737009473,0.28509096338212814,1.1320921991463904,1.1674371952144835,0.9383058421661584,0.7621638514322155,0.23241033704956982,0.3394148618242479,0.4113599557500316,0.3282359674635861,0.27652195308937744
200,0.75,1,IPW,-0.01873863392715691,0.9776154216862009,0.9777949934010423,0.7741802507963335,0.6298424261336208,0.010507834949593509,1.1650587110385289,1.1651060959252106,0.9303130789876307,0.764545361536316,8.219790107983904e-4,0.3410339366131118,0.3410349272014967,0.26959547113542953,0.22823177524358718
200,0.75,1,Aggregated cali.,-0.019361124979013766,0.9763706727254511,0.9765626163840202,0.773413252802674,0.6390732947006725,0.011288299445120664,1.1641266716984722,1.1641814005833133,0.9288550257665821,0.7600628652679142,8.695292865232851e-4,0.340723625984645,0.3407247355055168,0.269299320071456,0.22895015191419077
200,0.75,1,Calibration by time,-0.017603726476565384,0.9794834048359919,0.9796415832001872,0.7760445466585506,0.6323603948647616,0.007790259368334773,1.1686643464929778,1.1686903109484927,0.934083539150005,0.7839642437312282,0.0020308135393882765,0.3415926170942365,0.3415986537691878,0.26946530032725524,0.23477712975770637
200,0.75,1,Aggregated cali. with time,-0.02000630695540906,0.9774562019530595,0.9776609223317122,0.7749026828488781,0.629859285882354,0.011101106238668557,1.164900927894687,1.16495382156102,0.9310946487627545,0.7814247231593621,0.001637627509389894,0.34020151031750845,0.3402054518172413,0.2689641933587122,0.2241997897622432
NA,NA,NA,NA,NA,NA,NA,NA,NA,NA,NA,NA,NA,NA,NA,NA,NA,NA,NA
200,0.75,1,Naive miss.,-0.2880354124087461,0.9588726822465418,1.0011998899121763,0.7989930750079679,0.635497737009473,0.28509096338212814,1.1320921991463904,1.1674371952144835,0.9383058421661584,0.7621638514322155,0.23241033704956982,0.3394148618242479,0.4113599557500316,0.3282359674635861,0.27652195308937744
200,0.75,1,IPW miss.,-0.15126009896069093,0.9929298474675962,1.0043850354966575,0.8030230713812759,0.6430567785837908,0.13658441185052173,1.17880494892991,1.1866913706529598,0.9466150375498357,0.7749355682641341,0.053584633540402216,0.3419152273437476,0.3460886239696211,0.2731914005990634,0.22093600162359173
200,0.75,1,Aggregated cali. miss.,-0.15260161873790423,0.9938463123454842,1.0054937824791093,0.8043709410658417,0.6526771853313633,0.138281040930889,1.1792339194632526,1.1873138940876566,0.9471746551006525,0.7826832749375123,0.05380844937770535,0.3417034997092603,0.3459141959185681,0.2730667439677692,0.21833435394018008
200,0.75,1,Calibration by time miss.,-0.15320262444558352,0.996729094659623,1.0084343966158662,0.8060083272205458,0.6458854184236387,0.14257476202065256,1.1761323707671787,1.1847425527648063,0.947721168096882,0.8093304536010977,0.053844722917851584,0.3447247076174566,0.3489045402800616,0.275727163454132,0.22995499084697557
200,0.75,1,Aggregated cali. with time miss.,-0.1528196466231435,0.993947577214983,1.0056269838491592,0.8043368350870422,0.6436258300294071,0.1370069684785875,1.1783372597160493,1.186275519028704,0.9466776004220449,0.7980069051780996,0.054597559747174174,0.34143758018637804,0.34577523724794923,0.2728005692030806,0.21905870542777417
NA,NA,NA,NA,NA,NA,NA,NA,NA,NA,NA,NA,NA,NA,NA,NA,NA,NA,NA
200,0.75,1.5,Naive,-0.4991121697255352,1.0191104980652566,1.1347683310856655,0.916077710608374,0.7845100913757932,0.488088960998577,1.2260566216213096,1.3196384630913611,1.0501786576991543,0.9106410893543915,0.47785242784968274,0.3620746422454009,0.5995339768178041,0.5107779467545662,0.4746179705150244
200,0.75,1.5,IPW,-0.04635261890022946,1.0734363408191872,1.0744366631264013,0.868117552828686,0.7550467060179216,0.03974709627214068,1.2948410382405802,1.2954509430981977,1.0320146794018532,0.8665397603135663,0.002226674655238181,0.39992151746974625,0.39992771623797824,0.3224860503378249,0.278380139638146
200,0.75,1.5,Aggregated cali.,-0.05046746202982888,1.0694130950494354,1.0706032563872319,0.8651120884375247,0.7547352209203453,0.04631265439322174,1.2904816881866645,1.2913124523143302,1.0286075882316874,0.8732374438658708,0.002542661365140031,0.39844124526425295,0.3984493582057152,0.32122179583805105,0.27875624083757744
200,0.75,1.5,Calibration by time,-0.04991543311032842,1.0724857517945163,1.0736467008587325,0.8671940593202683,0.751698811599681,0.03925461101185057,1.2811602827316944,1.2817615201490669,1.0183770925586804,0.8285704480532301,0.006227688756045957,0.39733525501165334,0.39738405728264664,0.3184265045607427,0.29354613037621147
200,0.75,1.5,Aggregated cali. with time,-0.04912078073310511,1.0725713586225225,1.0736955669263022,0.8677566524437705,0.751607244469298,0.041478961741328924,1.2892738166753217,1.2899408818359428,1.0256112662258163,0.8523634557892272,0.004673282752110097,0.3952274585958858,0.39525508674758864,0.31862643141320235,0.27467731474707313
NA,NA,NA,NA,NA,NA,NA,NA,NA,NA,NA,NA,NA,NA,NA,NA,NA,NA,NA
200,0.75,1.5,Naive miss.,-0.4991121697255352,1.0191104980652566,1.1347683310856655,0.916077710608374,0.7845100913757932,0.488088960998577,1.2260566216213096,1.3196384630913611,1.0501786576991543,0.9106410893543915,0.47785242784968274,0.3620746422454009,0.5995339768178041,0.5107779467545662,0.4746179705150244
200,0.75,1.5,IPW miss.,-0.2680819820007798,1.0682549159616443,1.1013793690412428,0.8910107098744393,0.7621618163275059,0.2639112633236955,1.3046694160008336,1.3310940762985406,1.0541405952918619,0.9234174312740162,0.07517051476445324,0.42513933130099724,0.431733780597502,0.3459480903206468,0.2960049670055116
200,0.75,1.5,Aggregated cali. miss.,-0.2691321972804701,1.0670654207169705,1.100482054239368,0.8894469846795654,0.760782749744493,0.2669247996585069,1.2995840906598208,1.3267131028857926,1.050267049068074,0.9289322836257408,0.07672005683623384,0.42184529141627947,0.4287649904213737,0.3436621430107691,0.29610091789155124
200,0.75,1.5,Calibration by time miss.,-0.26727214654917475,1.080301232823169,1.1128724787504911,0.8964882437778118,0.774678224678162,0.266100220600757,1.295121851898706,1.3221762131687687,1.0467764395242043,0.9117327101209787,0.08565614484068185,0.4190014352782625,0.4276671344798567,0.3432939478041236,0.30808141677515866
200,0.75,1.5,Aggregated cali. with time miss.,-0.2696469685660361,1.0674514287127876,1.1009823069958138,0.8894944784234453,0.7647096675046967,0.26319968813752315,1.3017929258616525,1.3281336143849125,1.0519068919444774,0.9282851275691195,0.07911719495807512,0.4203262363388702,0.42770746485516686,0.34313817644189915,0.2954340785137959
NA,NA,NA,NA,NA,NA,NA,NA,NA,NA,NA,NA,NA,NA,NA,NA,NA,NA,NA
200,0.75,2,Naive,-0.669279766398077,0.9529817459048131,1.1645211950572862,0.9580594306105854,0.8672316847968133,0.6513829473878898,1.1071378279649315,1.2845442437917973,1.0440888129489356,0.9133068899432408,0.7905104862673169,0.38117333628672023,0.8776103584134243,0.7960717837242418,0.7856985850854323
200,0.75,2,IPW,-0.0014803754854852968,1.10668078332452,1.1066817734522203,0.9009881018880731,0.7995216976367843,-0.013562300571710928,1.3105240617375624,1.3105942363637633,1.056815418913004,0.906049177235078,0.02030833599466897,0.5664582468605335,0.5668221713616903,0.4289628859488359,0.3240780482664951
200,0.75,2,Aggregated cali.,-0.009070965963204003,1.097345589718473,1.0973830806505487,0.8942259530606008,0.7949614700666885,-0.0026484162016382484,1.3007734559566244,1.3007761520837156,1.0501848698089526,0.9196457417436088,0.021714568159411307,0.5612990528492282,0.5617189236618172,0.4260794300242077,0.32489563825606727
200,0.75,2,Calibration by time,-0.01568365023697993,1.0869134745811813,1.0870266225400793,0.8909270500182976,0.811405288741156,-0.02363887612576132,1.2764295490943163,1.276648420774337,1.0410902071582264,0.9252355366229574,0.042664305690237825,0.5237880109724059,0.5255227144648073,0.4098982378207962,0.33379609110469866
200,0.75,2,Aggregated cali. with time,-0.009169854036258585,1.1057280794400284,1.1057661017978349,0.9003846558768221,0.7843023364392891,-0.006312330597625149,1.3010040423212146,1.3010193556030265,1.0534351951435041,0.9049911634749104,0.027610171743272627,0.5504788451304304,0.5511708269854505,0.42119646258261445,0.32666463560151615
NA,NA,NA,NA,NA,NA,NA,NA,NA,NA,NA,NA,NA,NA,NA,NA,NA,NA,NA
200,0.75,2,Naive miss.,-0.669279766398077,0.9529817459048131,1.1645211950572862,0.9580594306105854,0.8672316847968133,0.6513829473878898,1.1071378279649315,1.2845442437917973,1.0440888129489356,0.9133068899432408,0.7905104862673169,0.38117333628672023,0.8776103584134243,0.7960717837242418,0.7856985850854323
200,0.75,2,IPW miss.,-0.25430351559261055,1.3210645817301472,1.3453185151274065,0.983965540580863,0.8530578336798698,0.2149064362607236,1.5919096783232258,1.6063502732235708,1.2026589058453099,1.0202168487662087,0.13498588710545034,0.7203078648725948,0.7328469212018031,0.5043045851726139,0.41609569369135513
200,0.75,2,Aggregated cali. miss.,-0.27055151787168086,1.2482412891240722,1.2772252893271399,0.9717619509210847,0.8640393242907649,0.24016780659556503,1.48654647724651,1.505822368122792,1.1669047077476786,0.9996993515132346,0.1362589506927594,0.6879782705501738,0.7013420010188325,0.4937658613326906,0.4081846000735312
200,0.75,2,Calibration by time miss.,-0.31153692100383523,1.1168659184405663,1.1595019331258742,0.9411664917571927,0.8635259891555407,0.2834532230475535,1.282751749721159,1.3136962286117522,1.079404455891095,0.9699905988063642,0.16808515473783014,0.5624731297168767,0.587050799247168,0.45342882868997564,0.38164304907576163
200,0.75,2,Aggregated cali. with time miss.,-0.2750112514070935,1.2234436684457413,1.2539719288167772,0.9694579690666552,0.8591760033936993,0.23856568660525213,1.497447783969072,1.5163322368594954,1.178893691515191,1.0253490968600962,0.14449751085610307,0.6823490260811685,0.697480984713941,0.49352623672615414,0.4132956212580954
NA,NA,NA,NA,NA,NA,NA,NA,NA,NA,NA,NA,NA,NA,NA,NA,NA,NA,NA
500,0.25,1,Naive,-0.27909946435752886,0.3584447761099977,0.4542897407219383,0.37300898438150865,0.3281441539760763,0.25668092635385964,0.8085484574850136,0.8483134479985982,0.6752729297727642,0.5627799057411083,0.2227219100074267,0.3714638792140337,0.43311714669139395,0.3479081270006437,0.294379991225717
500,0.25,1,IPW,-0.012233148725016463,0.3708523298904664,0.3710540398822194,0.29413823822570373,0.2567003736674849,-0.021875146245500687,0.8243961024789515,0.8246862772022752,0.6544673138814598,0.5385645516918398,-0.00220714306726455,0.37780208065569043,0.37780852773367646,0.30253471725298964,0.25591463917910673
500,0.25,1,Aggregated cali.,-0.012327536474401768,0.37038376953687746,0.3705888623419145,0.2939535532669989,0.2586110850747474,-0.021099855412798796,0.8251477938736841,0.8254175220051055,0.6548023400675859,0.5405887548838875,-0.0021822435919456318,0.3774178656195403,0.37742417447204407,0.3021235109368569,0.25610951887947575
500,0.25,1,Calibration by time,-0.012679310376100261,0.3708568012229249,0.371073485882397,0.29407190888241397,0.25896406437389885,-0.01769596955946806,0.821553836246216,0.8217443965063127,0.6512191373412256,0.5529036369366134,-0.003993860394018167,0.3774688489632011,0.3774899771629054,0.30232516637989354,0.2531819446554593
500,0.25,1,Aggregated cali. with time,-0.012477504027359032,0.3708058033419213,0.37101567608229225,0.2940700869945769,0.2584396472177417,-0.023007880870295594,0.8244052459546912,0.8247262407246156,0.654912326815065,0.5491513603220741,-0.001053138294378364,0.3762036780809042,0.37620515214689404,0.3010578368125975,0.24997741992061218
NA,NA,NA,NA,NA,NA,NA,NA,NA,NA,NA,NA,NA,NA,NA,NA,NA,NA,NA
500,0.25,1,Naive miss.,-0.27909946435752886,0.3584447761099977,0.4542897407219383,0.37300898438150865,0.3281441539760763,0.25668092635385964,0.8085484574850136,0.8483134479985982,0.6752729297727642,0.5627799057411083,0.2227219100074267,0.3714638792140337,0.43311714669139395,0.3479081270006437,0.294379991225717
500,0.25,1,IPW miss.,-0.13658298361811205,0.3699455696048363,0.39435344030992336,0.3188298478062067,0.265264902462782,0.10027522055173055,0.8262873287493636,0.8323496077421176,0.6620893562682468,0.5766748486640743,0.051996639407023704,0.3786691762882369,0.38222244253894333,0.3075871690729884,0.2651383800323759
500,0.25,1,Aggregated cali. miss.,-0.13659600487277146,0.36992979577751256,0.39434315304211176,0.3189207119367583,0.2675845463092372,0.10068478047993601,0.826139973267095,0.832252774372095,0.6626519291016072,0.5713460435751117,0.05216878475114495,0.37787676839254425,0.3814609209253339,0.30700020316211807,0.26386622435807916
500,0.25,1,Calibration by time miss.,-0.13769193301959604,0.36982208338212086,0.39462316426657634,0.3190297940525499,0.26596897209807224,0.1045102035748755,0.8229086698848269,0.829518572198885,0.6609185359032049,0.5617255582004783,0.05100686522616282,0.37824893720381,0.3816725806185345,0.30776885229192813,0.26656574697997226
500,0.25,1,Aggregated cali. with time miss.,-0.13684016201213467,0.3699006419934136,0.39440044990675,0.31886219078806016,0.2667609498140209,0.09943224501016079,0.8261869421076087,0.8321488055972212,0.6631873401520916,0.5706024871923145,0.05302016306521118,0.377652793269551,0.3813564867099493,0.3068783842594337,0.26247797270505413
NA,NA,NA,NA,NA,NA,NA,NA,NA,NA,NA,NA,NA,NA,NA,NA,NA,NA,NA
500,0.25,1.5,Naive,-0.42920592604779984,0.3571742906201718,0.558382665234669,0.4678831658190284,0.43495327094222347,0.42860069722631344,0.8115360351811378,0.9177632015179095,0.7267931746168644,0.6180437739270217,0.48175628784364166,0.42824843202057744,0.6445819113231218,0.5462413291960133,0.4882584260113627
500,0.25,1.5,IPW,0.03399837910922088,0.37130332622897555,0.3728566076265182,0.2902784764232675,0.23952411266591866,-0.06516906359287855,0.8635022579891305,0.865957941474007,0.6908293534433048,0.5831517147262302,0.02352218828754049,0.45807698350803217,0.45868051643998625,0.3594278995865216,0.29512021739107563
500,0.25,1.5,Aggregated cali.,0.03377583305280041,0.3700195750187934,0.37155792656798364,0.2891744547725097,0.24042651370899648,-0.06071114506055597,0.8628440877005203,0.8649773192484917,0.6910419984694254,0.5891465332214176,0.02309307712305264,0.45588318135203076,0.4564677044990805,0.35788128307690625,0.29798146532650827
500,0.25,1.5,Calibration by time,0.03295409681290096,0.37092169525661256,0.3723827016777141,0.289572129416885,0.23624924912022038,-0.05972987812752972,0.8528228023064076,0.8549119197173961,0.6817690339373567,0.60587417085741,0.023425129068653572,0.4560910447451238,0.45669221338728955,0.35488177795164133,0.30079616601353054
500,0.25,1.5,Aggregated cali. with time,0.033549071335869485,0.37127418079885527,0.3727868794839222,0.29020062886254805,0.24017611753497192,-0.06442460480600776,0.860993418440146,0.8634003684859409,0.6898797514583721,0.5921580519804168,0.025410545894842596,0.4531428736977098,0.4538547783440122,0.3549218764743457,0.29196302565645516
NA,NA,NA,NA,NA,NA,NA,NA,NA,NA,NA,NA,NA,NA,NA,NA,NA,NA,NA
500,0.25,1.5,Naive miss.,-0.42920592604779984,0.3571742906201718,0.558382665234669,0.4678831658190284,0.43495327094222347,0.42860069722631344,0.8115360351811378,0.9177632015179095,0.7267931746168644,0.6180437739270217,0.48175628784364166,0.42824843202057744,0.6445819113231218,0.5462413291960133,0.4882584260113627
500,0.25,1.5,IPW miss.,-0.15598808787891016,0.37263486249004807,0.40396661285692365,0.3166124310818689,0.2475822781462398,0.1280597647345667,0.8765769899298527,0.8858817768858064,0.7113163504572373,0.5822640555029599,0.10560110241164589,0.48325995244501685,0.4946632940371813,0.38875720386817536,0.314456387138768
500,0.25,1.5,Aggregated cali. miss.,-0.15632056270808903,0.37225615831487097,0.40374591729046605,0.3162458846588935,0.25084613731809213,0.13421927276560375,0.8740165210204188,0.8842622304488436,0.7096370212096429,0.5909444105389565,0.10509773263059019,0.4794135059717462,0.4907981694263056,0.38632799094463366,0.3094653029600516
500,0.25,1.5,Calibration by time miss.,-0.16614710684598322,0.3703874165505685,0.4059454390091049,0.3185733631454208,0.2517083892700498,0.155436176419407,0.8573176755735096,0.871294440353346,0.699024943656948,0.5851907807711911,0.10859348527058632,0.468527955284331,0.480948011666676,0.3781569909758358,0.31157190138508306
500,0.25,1.5,Aggregated cali. with time miss.,-0.15695387514915637,0.372355250953739,0.4040828526888501,0.31636576206156247,0.24873823087558833,0.13078601180172367,0.8730096089790786,0.8827518101101829,0.7091278724334078,0.5883502423943425,0.10706735734350348,0.4779561592899773,0.48980149980553106,0.3847165756856889,0.3072588233913591
NA,NA,NA,NA,NA,NA,NA,NA,NA,NA,NA,NA,NA,NA,NA,NA,NA,NA,NA
500,0.25,2,Naive,-0.7016514589921741,0.3457761261918598,0.7822249672249637,0.7088308321871692,0.6976247377152305,0.7421433035766727,0.8723161533988207,1.145300028169131,0.9095265011531476,0.723991200768507,0.7972735901382815,0.4335891597817332,0.9075487518652724,0.8109273740419772,0.8203025384682019
500,0.25,2,IPW,-0.010742405263940213,0.38111438667467873,0.3812657537745441,0.30205214820371445,0.25558584530273976,0.0038223670202350846,1.0306476125884398,1.0306547005781752,0.8220004671843222,0.7004341626223463,0.033518854935686626,0.5912007858839758,0.5921502198479962,0.4577545559824074,0.3772841173210477
500,0.25,2,Aggregated cali.,-0.012039101204422309,0.37933113279708425,0.3795221314586667,0.30073938611221446,0.24924862313852714,0.010946484958389568,1.0232284082088912,1.0232869592145917,0.8166321358227406,0.6998184638796077,0.03509175117500929,0.5857917784217322,0.5868419196572656,0.4556289771492054,0.3793343403676035
500,0.25,2,Calibration by time,-0.013821919253089732,0.3767884881311737,0.37704192106450785,0.2999229574060705,0.25305739985400066,-4.162410332497757e-4,0.9883681395354605,0.9883682271832626,0.7952192411670546,0.6889203815633849,0.050886677303047634,0.5446472062036248,0.5470192255783688,0.4344816618444764,0.35753594080675555
500,0.25,2,Aggregated cali. with time,-0.012072149800275156,0.38113498592516043,0.38132612590402526,0.3021440316039358,0.25561326643021687,0.005957145235242045,1.0239019664827391,1.023919295914758,0.8191416916211846,0.6850397403608532,0.04254370974290378,0.5762300180884343,0.5777984086036286,0.4514555037494444,0.374886269935788
NA,NA,NA,NA,NA,NA,NA,NA,NA,NA,NA,NA,NA,NA,NA,NA,NA,NA,NA
500,0.25,2,Naive miss.,-0.7016514589921741,0.3457761261918598,0.7822249672249637,0.7088308321871692,0.6976247377152305,0.7421433035766727,0.8723161533988207,1.145300028169131,0.9095265011531476,0.723991200768507,0.7972735901382815,0.4335891597817332,0.9075487518652724,0.8109273740419772,0.8203025384682019
500,0.25,2,IPW miss.,-0.2747413075718015,0.40585459657090883,0.49010278477478414,0.39972044710792787,0.3453593820352765,0.254676283085673,1.1774968204197118,1.2047235248242083,0.9026977502368717,0.6880337023504199,0.14837358624002084,0.7313942028496333,0.74629230269096,0.5260123331934295,0.4257532963577866
500,0.25,2,Aggregated cali. miss.,-0.27632343394212455,0.40299217923761016,0.4886280146207806,0.39789529265192775,0.3430700677460621,0.27424275932244235,1.0897225980905465,1.1237012200002268,0.872505286849175,0.6902954766183131,0.1504584805304794,0.7081126126227134,0.7239207322068526,0.5198815577373157,0.42415650737972865
500,0.25,2,Calibration by time miss.,-0.29603865633688997,0.3903040163605186,0.48987356657907477,0.39750290761016305,0.3462199733480418,0.28297501434628813,1.0213658937566428,1.0598410954825197,0.8351425727918442,0.6666386672352651,0.1964095661497387,0.5792625631682976,0.6116549965163651,0.4803353880518892,0.4060376261219505
500,0.25,2,Aggregated cali. with time miss.,-0.2769214837441041,0.40376691308108237,0.48960517588978003,0.39920761272919864,0.3461887329714983,0.27184013734118917,1.1443288974341674,1.1761741732297024,0.8891818620032749,0.694914498877754,0.16125063352725677,0.6945811927211458,0.7130531537654616,0.5146540736666508,0.4311505852144124
NA,NA,NA,NA,NA,NA,NA,NA,NA,NA,NA,NA,NA,NA,NA,NA,NA,NA,NA
500,0.5,1,Naive,-0.2693007899201234,0.42888826050760254,0.5064267523076161,0.4042260235459809,0.35950847668432573,0.2503666042955386,0.6742863272765399,0.7192673270061445,0.5797484629707983,0.5139844057324123,0.24394174832046067,0.2555747973078564,0.35330730758448076,0.2870688711971118,0.25068398352344357
500,0.5,1,IPW,-0.007836529503975953,0.4438579788795194,0.44392715236813185,0.355524573198134,0.29554582645270244,-0.00832668914378143,0.6916848998022519,0.6917350174499975,0.556586215051088,0.477773608176459,0.007303990907237434,0.2619494939090753,0.2620513034548649,0.20928537528060834,0.17496425879472044
500,0.5,1,Aggregated cali.,-0.00837938333059185,0.44267394893628154,0.44275324858417764,0.3544306187083567,0.2934208316435374,-0.007024747048098412,0.6908680867021469,0.6909037995948314,0.5559498041067329,0.47800265256453356,0.007294789368494925,0.26179685869631,0.26189847112036835,0.20918209569378401,0.17460854901869105
500,0.5,1,Calibration by time,-0.008482173669932536,0.443512557809495,0.4435936611414635,0.3556207498766786,0.2946936047362101,-0.013512377411109,0.6877906132101668,0.6879233329109556,0.5522026710508064,0.478780932089911,0.0108774513556531,0.2617849334219173,0.2620108209878215,0.20961136665081154,0.17764179453484918
500,0.5,1,Aggregated cali. with time,-0.008260942568881546,0.4438103796710608,0.4438872562666082,0.3555541127905324,0.2954292587020859,-0.008666343794945242,0.6913664619671349,0.6914207765519677,0.5562359177860052,0.47769740732538013,0.007930736755822121,0.26097622830510175,0.26109670301604104,0.20848115688821195,0.17501373519342933
NA,NA,NA,NA,NA,NA,NA,NA,NA,NA,NA,NA,NA,NA,NA,NA,NA,NA,NA
500,0.5,1,Naive miss.,-0.2693007899201234,0.42888826050760254,0.5064267523076161,0.4042260235459809,0.35950847668432573,0.2503666042955386,0.6742863272765399,0.7192673270061445,0.5797484629707983,0.5139844057324123,0.24394174832046067,0.2555747973078564,0.35330730758448076,0.2870688711971118,0.25068398352344357
500,0.5,1,IPW miss.,-0.13434923199908155,0.4447063116318996,0.46455722978336184,0.36874892942644394,0.317900497074433,0.11908958974471506,0.6947567670699373,0.7048895628217484,0.5651346001174079,0.4663706090678459,0.05981984650852379,0.26580972120195717,0.2724577433690692,0.2165613557452538,0.1814687344074808
500,0.5,1,Aggregated cali. miss.,-0.13458303173031538,0.4442320654848237,0.46417100344015,0.36869685797902113,0.3185437936334168,0.11884673352905484,0.6945236596662419,0.7046188046786119,0.5651947402528257,0.46783962107040544,0.06034417571593931,0.26501141323621447,0.2717949018806125,0.2161401326353872,0.17991963963250734
500,0.5,1,Calibration by time miss.,-0.1358307761459372,0.44457329350317387,0.46486063830428453,0.3692341385682671,0.3150515237584983,0.1163693654224014,0.6916239285674489,0.7013454838921286,0.5596789933004982,0.471678948649108,0.0643451174437435,0.2666297606894038,0.27428401962954,0.21811403139399327,0.18135181069062134
500,0.5,1,Aggregated cali. with time miss.,-0.13462392380252197,0.4446265636936265,0.46456041803191733,0.3687062264365435,0.31754797066385976,0.11860298429394245,0.6940371910516714,0.7040982107961384,0.5643527343044509,0.4652348283211163,0.06056717512480825,0.2646073128024599,0.27145057135901934,0.21603431513429777,0.18032236594022355
NA,NA,NA,NA,NA,NA,NA,NA,NA,NA,NA,NA,NA,NA,NA,NA,NA,NA,NA
500,0.5,1.5,Naive,-0.4860458540714774,0.4275091992881158,0.647305714277294,0.5384017184275622,0.5218659751237524,0.48377760502971867,0.6738843327533338,0.8295546184903658,0.676468398034991,0.6247997618755856,0.4817650035143184,0.2908423810701032,0.5627493307305468,0.49271796191471207,0.48563028709016876
500,0.5,1.5,IPW,-0.033375829890047726,0.453312699143783,0.45453971138490346,0.3666195465988561,0.3090537238027693,0.02463065491754879,0.7286496361225039,0.7290658141643487,0.5857145072572666,0.496320457635552,0.0025154241403377853,0.3164387694469139,0.3164487670503441,0.2525350628349488,0.20933257590595455
500,0.5,1.5,Aggregated cali.,-0.03384156494026058,0.45254945533809887,0.4538130243221494,0.3661272509872584,0.310462546563933,0.027296851071229256,0.7281546593844019,0.7286661279774291,0.5855636808602056,0.4988395805612109,0.002558855650653502,0.31530463861159275,0.31531502164062525,0.2518511343436742,0.20841486778289142
500,0.5,1.5,Calibration by time,-0.03419107103042052,0.45056718594500833,0.4518626100803329,0.36385486985276855,0.3088858043631575,0.02205198511822548,0.7274933555185543,0.7278275017964766,0.5827042790277703,0.495412144203383,0.006310638000113666,0.31483495516904664,0.3148981948952138,0.2527632338424022,0.21386515980184995
500,0.5,1.5,Aggregated cali. with time,-0.033916348721760414,0.4532286279011363,0.45449588321541784,0.36663508293409247,0.30950104316283245,0.02489078562524938,0.7281159520842213,0.7285412760362684,0.5865507295723148,0.5078470708390697,0.0041594049917845766,0.3129104199417042,0.31293806345342423,0.24992390133682177,0.2079148797535344
NA,NA,NA,NA,NA,NA,NA,NA,NA,NA,NA,NA,NA,NA,NA,NA,NA,NA,NA
500,0.5,1.5,Naive miss.,-0.4860458540714774,0.4275091992881158,0.647305714277294,0.5384017184275622,0.5218659751237524,0.48377760502971867,0.6738843327533338,0.8295546184903658,0.676468398034991,0.6247997618755856,0.4817650035143184,0.2908423810701032,0.5627493307305468,0.49271796191471207,0.48563028709016876
500,0.5,1.5,IPW miss.,-0.21675212258816146,0.4588296292442113,0.5074505998802777,0.4157471839947586,0.36516547942731137,0.19851112496934942,0.7443137590123192,0.7703308630657644,0.619695247551977,0.524142845496633,0.08251910690849185,0.3357503421015418,0.34574223812875027,0.2722349427133686,0.22446281168756177
500,0.5,1.5,Aggregated cali. miss.,-0.21786449824143972,0.45787874244098187,0.5070679267843011,0.41542339190432637,0.3658491344597792,0.2064315330541353,0.7396965392476086,0.7679615537342801,0.6174624790894103,0.5174846548223435,0.08262005418540586,0.3312674242385838,0.34141496703464136,0.2690675532262328,0.22119565366903182
500,0.5,1.5,Calibration by time miss.,-0.22672043124114793,0.4527176371115759,0.5063155270126135,0.41436260966459376,0.36012144886830555,0.22366613160865256,0.7285185134122049,0.7620798926707804,0.6136850384931848,0.5198899954357361,0.0931460088539251,0.3230445787167146,0.3362052629029996,0.268959387952807,0.23071592528176632
500,0.5,1.5,Aggregated cali. with time miss.,-0.21747631518198318,0.458740022799706,0.5076793832562123,0.41566819914322106,0.36316600160377277,0.20144047512630348,0.7415868378515776,0.7684590445129871,0.6177175461831733,0.51324634227917,0.08598847647233221,0.32918852750273653,0.34023389708471546,0.2684270205749099,0.22611740228117005
NA,NA,NA,NA,NA,NA,NA,NA,NA,NA,NA,NA,NA,NA,NA,NA,NA,NA,NA
500,0.5,2,Naive,-0.6881560774245372,0.4383959057779359,0.8159348975863102,0.7062266882646969,0.6577161956330215,0.6769270816710522,0.6740302068688603,0.9552732560222578,0.7718878931554797,0.677024360647009,0.8227286239278699,0.31196784012026163,0.8798899487433344,0.8227779712003924,0.8290917026331053
500,0.5,2,IPW,-0.005693798653197746,0.4845291613855218,0.48456261471151507,0.37808273682699006,0.3074188999352714,-0.003681525831205512,0.7851225879915834,0.7851312194831177,0.622867186984378,0.5243368263078261,0.044229456295068914,0.41766430082355593,0.4199996583172268,0.33498990116253147,0.2907352032934496
500,0.5,2,Aggregated cali.,-0.00790800979463313,0.4811670678045316,0.4812320477259622,0.375771183161048,0.30982402391736485,0.0015079977609149253,0.7810921463750137,0.7810936020644215,0.6200935426822938,0.523995935642311,0.04538361931738999,0.4142284508552086,0.4167071902430431,0.33289561315912736,0.2873345141903334
500,0.5,2,Calibration by time,-0.005001724904062144,0.4788816075412937,0.47890772732683023,0.3749902284887167,0.29767258135917274,-0.006342054114598206,0.7523552966074382,0.7523820266218876,0.5982240219097823,0.5039629180590461,0.04683094107542818,0.4019713311487355,0.40469011367649765,0.3226717549198772,0.2734972148072783
500,0.5,2,Aggregated cali. with time,-0.00806704941457781,0.4836186085032239,0.48368588544307534,0.37753218353730916,0.3098316195160322,-0.004135593676930505,0.7806071243010133,0.7806180792452595,0.6199516278662739,0.5252285830401973,0.05011939077893102,0.4073657603751545,0.4104373472992912,0.32793781260476096,0.28441758948105367
NA,NA,NA,NA,NA,NA,NA,NA,NA,NA,NA,NA,NA,NA,NA,NA,NA,NA,NA
500,0.5,2,Naive miss.,-0.6881560774245372,0.4383959057779359,0.8159348975863102,0.7062266882646969,0.6577161956330215,0.6769270816710522,0.6740302068688603,0.9552732560222578,0.7718878931554797,0.677024360647009,0.8227286239278699,0.31196784012026163,0.8798899487433344,0.8227779712003924,0.8290917026331053
500,0.5,2,IPW miss.,-0.2716532258518072,0.5126905293566397,0.5802129385042051,0.45725366416209845,0.39716243895723125,0.22941073369357845,0.894400622401034,0.923353539054886,0.6891456489751727,0.5450429859767012,0.1785048089428023,0.45016999583349554,0.4842695447418057,0.3908995474609384,0.34080154077575275
500,0.5,2,Aggregated cali. miss.,-0.2750416115604537,0.5064049242122698,0.5762758327018462,0.45599817825174477,0.39343619539842933,0.25020302442343745,0.834446375379085,0.8711499909969167,0.6728615599549923,0.5274525089747724,0.17665404054531741,0.44804659918318457,0.4816143738309768,0.38868983712973637,0.3366678547060997
500,0.5,2,Calibration by time miss.,-0.29321239251258646,0.4843016341890508,0.5661462531900572,0.45046779792524216,0.38294049791572604,0.2849284962323857,0.7659185556205039,0.8171997808425108,0.6386830025779848,0.5364587900953417,0.1820685200566028,0.44866242721012656,0.4841971908073029,0.3824702685683792,0.32452484866280673
500,0.5,2,Aggregated cali. with time miss.,-0.27660164597881476,0.5029634523318478,0.5740040983649511,0.45499169934389616,0.3967550327292102,0.23551662152979347,0.8952186640639995,0.9256805796306521,0.6819323116661051,0.5353076406624431,0.184841666737396,0.4392389189435232,0.47654723761336976,0.3841945173710115,0.3352478346542527
NA,NA,NA,NA,NA,NA,NA,NA,NA,NA,NA,NA,NA,NA,NA,NA,NA,NA,NA
500,0.75,1,Naive,-0.27960114308854145,0.6217237775379154,0.6817017344648864,0.5462010441789741,0.4661005766312343,0.28546941472442633,0.7118947232242432,0.7669986204013853,0.6260714765318143,0.541858462277049,0.2407223384520072,0.20539986554107553,0.3164432792683305,0.26171834242576275,0.23835868823264117
500,0.75,1,IPW,-0.016888076290157983,0.6482460046252142,0.6484659510208192,0.5217019150324365,0.4404052287392304,0.02346034284893328,0.735446343693552,0.7358204347113525,0.5957755100351754,0.5158367798128962,0.0014794656627574732,0.2116459289802603,0.21165109986145753,0.16756467772029926,0.13737300427328591
500,0.75,1,Aggregated cali.,-0.016604569001273717,0.6472791923687893,0.6474921347671415,0.5210703100743619,0.43799336332175187,0.023594650893571156,0.7345443679009351,0.7349232177348691,0.5956737957744774,0.5285800902248425,0.0014086416576266636,0.21144910983537346,0.2114538018610482,0.16742835983039167,0.13655530959883455
500,0.75,1,Calibration by time,-0.017611211578682173,0.6493398487154985,0.6495786279605693,0.5220780716448237,0.44537822455180276,0.024924113260695435,0.7342521715287899,0.734675072951693,0.5931699259096669,0.516136427525034,0.0012859630627883867,0.21157136751335484,0.21157527561714273,0.1672156248361686,0.13668610082471688
500,0.75,1,Aggregated cali. with time,-0.017447034787565485,0.6483899085347304,0.6486246006069726,0.5219152078913345,0.4398190465304026,0.023794035641238054,0.7351813860615731,0.735566330485234,0.5950413788862031,0.51866657839523,0.0016168949136456945,0.21076800115574018,0.2107742030238707,0.16683785219318562,0.13606955456125092
NA,NA,NA,NA,NA,NA,NA,NA,NA,NA,NA,NA,NA,NA,NA,NA,NA,NA,NA
500,0.75,1,Naive miss.,-0.27960114308854145,0.6217237775379154,0.6817017344648864,0.5462010441789741,0.4661005766312343,0.28546941472442633,0.7118947232242432,0.7669986204013853,0.6260714765318143,0.541858462277049,0.2407223384520072,0.20539986554107553,0.3164432792683305,0.26171834242576275,0.23835868823264117
500,0.75,1,IPW miss.,-0.13974020679171417,0.6477548251120185,0.6626565014018143,0.5298660531803715,0.45880522549414593,0.14776450312803124,0.7346218506598647,0.7493354468137741,0.6051700020096141,0.5334963047435188,0.053943058799448274,0.21364467155309735,0.22034949347722943,0.17413193210616618,0.13993918564906505
500,0.75,1,Aggregated cali. miss.,-0.13956254858142358,0.6473300877474749,0.6622038564291934,0.5295660062509875,0.46407513900809505,0.14808710165317152,0.733383581518081,0.7481853161592552,0.6040859894499766,0.5297134563941115,0.054003125836052046,0.2130679539396359,0.21980511958570773,0.17365903466926033,0.14273531447966015
500,0.75,1,Calibration by time miss.,-0.14115960315450593,0.6488566646982316,0.6640338883566492,0.5299570097274902,0.45563728766506273,0.15041427565471377,0.7363539172635276,0.7515594093550252,0.6045106392822213,0.5213944481941932,0.05572750147724914,0.21218477706527172,0.21938079687870557,0.1741207153794253,0.1396410774144281
500,0.75,1,Aggregated cali. with time miss.,-0.14031925414423085,0.647359904483936,0.6623928887126159,0.5296888853238763,0.4623133396524679,0.1479905378096582,0.7342741680566001,0.7490392200388468,0.6045224442225148,0.5282399313630548,0.05421118956892057,0.21312728011994922,0.2199138254085103,0.1738550509498821,0.14399610391730322
NA,NA,NA,NA,NA,NA,NA,NA,NA,NA,NA,NA,NA,NA,NA,NA,NA,NA,NA
500,0.75,1.5,Naive,-0.4738851474318153,0.59083509240196,0.7573989961507118,0.6077457262977602,0.5039269572260565,0.497811939503892,0.7241704735583432,0.8787716437655131,0.7081723522115956,0.627914869849012,0.4732300299120378,0.23792657309013732,0.5296751036182129,0.4766260687244192,0.46862968693851625
500,0.75,1.5,IPW,-0.02098707467166605,0.6273259936578197,0.6276769548279154,0.489687456763028,0.4200117983406386,0.03673879543244851,0.7655242456150885,0.7664053168620228,0.6110735994998389,0.5212255234195844,-3.5257981479253075e-4,0.25991300134429124,0.25991324048675035,0.2075367064358188,0.1768908607016284
500,0.75,1.5,Aggregated cali.,-0.022936351271681588,0.6262059474679202,0.626625857153895,0.4886882782076668,0.4180820751542811,0.03945794862860108,0.7643759773014731,0.7653937316084837,0.6100973904235312,0.5240024023366012,-2.2173676567494027e-4,0.2596037746992618,0.2596038693958515,0.2073785926495731,0.17686187250459917
500,0.75,1.5,Calibration by time,-0.021661770082204157,0.6261151162635199,0.6264897214613941,0.48863791705660753,0.4103610172117911,0.04361552714697936,0.7584634587339312,0.7597164816186014,0.6035666080955208,0.5041657926673717,-0.004319249242148437,0.25986362868220514,0.259899521788515,0.20852328120658575,0.17714026275415073
500,0.75,1.5,Aggregated cali. with time,-0.023078172625943694,0.6269204551233313,0.6273450877338546,0.48968695214946595,0.4180264016113213,0.038527928751140195,0.7653431352316017,0.7663122835632943,0.6117088010373937,0.5211772619407302,5.567547809612883e-4,0.25903656390108165,0.2590371622249697,0.20712203058858195,0.17548206416422962
NA,NA,NA,NA,NA,NA,NA,NA,NA,NA,NA,NA,NA,NA,NA,NA,NA,NA,NA
500,0.75,1.5,Naive miss.,-0.4738851474318153,0.59083509240196,0.7573989961507118,0.6077457262977602,0.5039269572260565,0.497811939503892,0.7241704735583432,0.8787716437655131,0.7081723522115956,0.627914869849012,0.4732300299120378,0.23792657309013732,0.5296751036182129,0.4766260687244192,0.46862968693851625
500,0.75,1.5,IPW miss.,-0.21450377736762505,0.6321628395822319,0.6675640240858177,0.5219007127766142,0.41899543142786655,0.23008923330405917,0.7795971595370631,0.8128424118122201,0.6454165061342129,0.5532116925640764,0.07088795828456007,0.28183462975507206,0.2906129060433003,0.23295720636357756,0.1993505329877594
500,0.75,1.5,Aggregated cali. miss.,-0.21660583013068901,0.6314344851443159,0.6675534395657565,0.5214654381867349,0.426189357394847,0.23564535490676075,0.7766653838880357,0.8116266702241143,0.6453386464352847,0.556848734743594,0.07105573463963788,0.2789754359530114,0.2878822872118939,0.23113599380062588,0.19883196250597335
500,0.75,1.5,Calibration by time miss.,-0.22197233024886032,0.6263910278169299,0.6645580750586505,0.5188485784252777,0.4220932662784449,0.25637192875337433,0.7680489435985104,0.8097071974581387,0.6437589949862144,0.5422450276433759,0.07521567192837209,0.2725547944230268,0.2827428394612584,0.22927691704167946,0.20168335810019644
500,0.75,1.5,Aggregated cali. with time miss.,-0.21636470509794492,0.6315370293903847,0.6675722471039013,0.5226993437710944,0.4201760123166238,0.2335024966443342,0.7778390791005414,0.8121311771598944,0.6456816853810442,0.5586465665587674,0.07226788326332345,0.2789149509425963,0.2881253144218193,0.231159594299674,0.1977609739276749
NA,NA,NA,NA,NA,NA,NA,NA,NA,NA,NA,NA,NA,NA,NA,NA,NA,NA,NA
500,0.75,2,Naive,-0.7406950360380904,0.5885707696835711,0.9460680141181074,0.8065560948071645,0.7499395788156846,0.7559270711576618,0.7259448887448048,1.0480561618557032,0.8573111768013113,0.779911088796752,0.792507028969966,0.24385201467912856,0.829175009289277,0.7925070289699662,0.7986815108088354
500,0.75,2,IPW,-0.06024768286302162,0.6756665368556927,0.678347294766426,0.5388679143045244,0.4611700996469139,0.04950456901390332,0.8647643117078863,0.8661801297402675,0.6917516570163936,0.5983962045463573,0.0035096021556451085,0.3522800694525778,0.3522975512841438,0.2840813090732224,0.24783982382373582
500,0.75,2,Aggregated cali.,-0.06295038231247929,0.67240911040487406,0.6753493632104508,0.537249392387369,0.4586625594665463,0.053174186957656744,0.8617417751386807,0.8633807857358028,0.6897907344111913,0.5895450912123721,0.0048859808959460516,0.34905825840198235,0.34909245275133155,0.28223929652618646,0.24772094435470304
500,0.75,2,Calibration by time,-0.06283519275828553,0.6643899549151713,0.6673546835387868,0.5309312489831439,0.445246785385379,0.057633313527398755,0.8474376506115292,0.8493951792317493,0.6796967234501831,0.5908139546441777,0.0030835073056203477,0.33818602327201036,0.3382000803575312,0.27274449667289574,0.23797136723806278
500,0.75,2,Aggregated cali. with time,-0.06384185019690847,0.674636028652819,0.677650022499086,0.5389026790220742,0.45792721795296387,0.05393086834718286,0.862846766614945,0.8645305553990249,0.690699028176924,0.5937133661471545,0.0065546290166556,0.34433851781227026,0.3444008972269049,0.2787523621837672,0.2426888341286464
NA,NA,NA,NA,NA,NA,NA,NA,NA,NA,NA,NA,NA,NA,NA,NA,NA,NA,NA
500,0.75,2,Naive miss.,-0.7406950360380904,0.5885707696835711,0.9460680141181074,0.8065560948071645,0.7499395788156846,0.7559270711576618,0.7259448887448048,1.0480561618557032,0.8573111768013113,0.779911088796752,0.792507028969966,0.24385201467912856,0.829175009289277,0.7925070289699662,0.7986815108088354
500,0.75,2,IPW miss.,-0.3196271583290411,0.7559936589201345,0.8207849490999153,0.6378975518243005,0.5497942583889568,0.29337769913619116,0.9783640551376296,1.0214042778135366,0.7879115876764833,0.6458692887694593,0.10214354546653892,0.44630411057594005,0.4578434918151134,0.3600583875366597,0.316569625867837
500,0.75,2,Aggregated cali. miss.,-0.32368372676513957,0.7434949766490384,0.810898227445913,0.6356259422384662,0.5489495394562169,0.3050660008700925,0.9615748552438345,1.008806952357126,0.784124126374103,0.6463612056703019,0.1040857843763896,0.43515185037455584,0.44742707047478486,0.3549247691983058,0.3149848948644285
500,0.75,2,Calibration by time miss.,-0.34253017754990367,0.7013197551008388,0.780497483293232,0.619630917337266,0.5491635411688023,0.3628327403665672,0.8999845928169949,0.9703709933782465,0.76513283874037,0.6504826058198607,0.11493785040063287,0.40904330804312533,0.42488485182409286,0.33667827694760605,0.2924069784230976
500,0.75,2,Aggregated cali. with time miss.,-0.32353626893220166,0.7519042799266508,0.8185571229221483,0.6370406016431956,0.5511295011800001,0.3005890226459442,0.9755261489389658,1.0207864751253972,0.7895078274471838,0.6441997310389285,0.10760055820833214,0.4336318768867457,0.44678236847380903,0.3538862035938541,0.30794430728701117
NA,NA,NA,NA,NA,NA,NA,NA,NA,NA,NA,NA,NA,NA,NA,NA,NA,NA,NA
1000,0.25,1,Naive,-0.2619317803784469,0.24786575391467772,0.36061848196662705,0.2976305042546956,0.27284766034559027,0.27190031183076346,0.5893047847590036,0.6490068635334467,0.5171404599646064,0.43954319626893046,0.23147756108062412,0.27102381695302014,0.356420777508296,0.29144147188397906,0.25759114789273685
1000,0.25,1,IPW,0.007019956862805543,0.25262409549050924,0.25272161248447583,0.20136230535857824,0.1689756974743304,-0.003136750579006531,0.6080588622909407,0.6080669529046518,0.4759972940993176,0.38264120810871605,-0.0018453875530397568,0.27075203531236053,0.27075832412135853,0.21610705786602372,0.17694348065074106
1000,0.25,1,Aggregated cali.,0.006750519617185091,0.2521009360811796,0.2521912993901832,0.2009021027005108,0.17012445695982592,-0.0021540164681956853,0.6078855443623987,0.6078893606831058,0.4762463651872003,0.3757406557255365,-0.001982017101788802,0.2704952311418443,0.27050249252506264,0.2158140310722511,0.17735659037160034
1000,0.25,1,Calibration by time,0.006737927830073431,0.25276978877492146,0.25285957721383956,0.20141996798453696,0.17041320516020164,-2.0816577791826774e-4,0.6062374524026651,0.6062374881419531,0.4730703220516917,0.37578326597195266,-0.002991843627053292,0.27132531379390984,0.2713418084882099,0.21562790668308088,0.17544773585302043
1000,0.25,1,Aggregated cali. with time,0.006987601733982274,0.25262173005118915,0.25271835127676945,0.20134227532960028,0.1687951893321511,-0.0030165748519719315,0.607033484675844,0.6070409798700048,0.47586843126000106,0.37567019357405584,-0.0016162544896021203,0.269728168917407,0.2697330113021252,0.21513181977149504,0.1757605576195902
NA,NA,NA,NA,NA,NA,NA,NA,NA,NA,NA,NA,NA,NA,NA,NA,NA,NA,NA
1000,0.25,1,Naive miss.,-0.2619317803784469,0.24786575391467772,0.36061848196662705,0.2976305042546956,0.27284766034559027,0.27190031183076346,0.5893047847590036,0.6490068635334467,0.5171404599646064,0.43954319626893046,0.23147756108062412,0.27102381695302014,0.356420777508296,0.29144147188397906,0.25759114789273685
1000,0.25,1,IPW miss.,-0.1207783637596549,0.2530232066600023,0.2803714612098916,0.22097912446903487,0.17823561375005426,0.12686695120947267,0.6093662380047987,0.622432675338713,0.4881979427100873,0.41161147239685514,0.05008386566749534,0.2723193964719363,0.27688670480006683,0.22182018558214917,0.19102881674810956
1000,0.25,1,Aggregated cali. miss.,-0.12095497484573059,0.25263993889807945,0.2801018469527765,0.22076481237959888,0.17887782039474587,0.1281228324842667,0.6089666945126837,0.6222988793413465,0.4879587461782274,0.4110582388886126,0.04981387122293368,0.27192295647976505,0.27644803494854364,0.22153399539138827,0.18833882581035843
1000,0.25,1,Calibration by time miss.,-0.12232619258733735,0.253291022016318,0.2812828455967147,0.22176292044232546,0.17755140240404899,0.13068601770193045,0.6057992411331778,0.6197350690257277,0.48524033720109727,0.4043006765572943,0.05151973239750163,0.2716791848195268,0.2765209979197109,0.22077169171452288,0.1831737713709325
1000,0.25,1,Aggregated cali. with time miss.,-0.1208355233773375,0.2530985870856974,0.28046411266800503,0.22100795031460482,0.1783756109352268,0.12705802545285216,0.6091141202335202,0.6222248414358212,0.48841132384811164,0.4103202576209122,0.05032823018732202,0.2714982504941162,0.2761235788105643,0.2211751328377865,0.1899007478675887
NA,NA,NA,NA,NA,NA,NA,NA,NA,NA,NA,NA,NA,NA,NA,NA,NA,NA,NA
1000,0.25,1.5,Naive,-0.43313073892623777,0.2500012192320222,0.5001028360450342,0.4420620460088248,0.44661255615372397,0.41680114347828123,0.5927804941366132,0.7246460566605258,0.5904562957885509,0.5225746963273945,0.48607977971188365,0.31715067635996136,0.5803947826784234,0.5034947714500253,0.4957085792684379
1000,0.25,1.5,IPW,0.029721644448912343,0.2653950831290263,0.26705416360321055,0.21182273539641258,0.16783243071203913,-0.04886771304660886,0.6317145435829583,0.6336018607553414,0.5093011074773098,0.43356184169455325,0.007818900522169159,0.34572622520809243,0.3458146295372887,0.2769653802263507,0.2323688926930949
1000,0.25,1.5,Aggregated cali.,0.02934474642906082,0.2648142171076588,0.26643513980953815,0.2112050180003116,0.1676905739328305,-0.04732033907841604,0.6303053668443956,0.6320791643167368,0.5081180904313641,0.43664166118665815,0.0078696898087105,0.34489968855477393,0.34498945952429527,0.2763793497607444,0.23232925369178714
1000,0.25,1.5,Calibration by time,0.029708827852672925,0.2648373826800574,0.2664985060318405,0.21111597689119066,0.16698248766341095,-0.04789533935307855,0.6280810880222882,0.6299046091774595,0.5059639571690443,0.43986690376367665,0.00783923605047887,0.3459598666583353,0.3460486713745745,0.2776448011715678,0.23466204739046015
1000,0.25,1.5,Aggregated cali. with time,0.02945419906144764,0.2654128563624282,0.26704219547632224,0.2117860665691832,0.16778851385763005,-0.04748786308950148,0.6294459078887111,0.6312347012788913,0.5082643959976958,0.43005491480868274,0.00834882194523967,0.34253366296491405,0.34263539381102276,0.27419705833463887,0.23018507725022097
NA,NA,NA,NA,NA,NA,NA,NA,NA,NA,NA,NA,NA,NA,NA,NA,NA,NA,NA
1000,0.25,1.5,Naive miss.,-0.43313073892623777,0.2500012192320222,0.5001028360450342,0.4420620460088248,0.44661255615372397,0.41680114347828123,0.5927804941366132,0.7246460566605258,0.5904562957885509,0.5225746963273945,0.48607977971188365,0.31715067635996136,0.5803947826784234,0.5034947714500253,0.4957085792684379
1000,0.25,1.5,IPW miss.,-0.15536793468976384,0.2738579537281289,0.3148608803105281,0.25414408131425353,0.2187363258598296,0.12761477280238243,0.6654805113756094,0.677605963121744,0.5411809791424609,0.4509623387077988,0.07770579652705356,0.3806151430261433,0.38846631503222434,0.30422614821482485,0.2492682728681701
1000,0.25,1.5,Aggregated cali. miss.,-0.1556669346919648,0.27331653291614166,0.314537949573168,0.25395249268657416,0.21865815762514984,0.13472797161158745,0.6543430948085938,0.6680692419639308,0.5368720197808722,0.4542586777967994,0.077391543679179,0.3804452750453545,0.38823711612541856,0.3029523550304118,0.24711017401490198
1000,0.25,1.5,Calibration by time miss.,-0.1651808184994934,0.26913488294439164,0.3157820261155691,0.2559548787888022,0.222202260331251,0.1524922490764382,0.6403337572325026,0.6582409943781108,0.5322060066263841,0.4760640938406353,0.08454165241907852,0.3843552994543895,0.3935432469404369,0.3060230021359732,0.25325292765201857
1000,0.25,1.5,Aggregated cali. with time miss.,-0.15575091317936085,0.27357444485198207,0.3148036274128286,0.25418834563842746,0.2206632578320722,0.1288991265103956,0.6617314610174427,0.6741687558137223,0.5396052196948006,0.4522427979172883,0.07991207127651068,0.37546295427975684,0.3838728554771552,0.301044798510155,0.24767507765981178
NA,NA,NA,NA,NA,NA,NA,NA,NA,NA,NA,NA,NA,NA,NA,NA,NA,NA,NA
1000,0.25,2,Naive,-0.6965983564767839,0.2556493178114397,0.7420281961917694,0.6967143782662517,0.7049315567577139,0.701183430889655,0.6218394808502049,0.9371993084174998,0.7740611286712906,0.7172334808407688,0.7950501580284834,0.323646381034718,0.8584006836774924,0.7968046144876806,0.8027916850302228
1000,0.25,2,IPW,-0.0014763020413681716,0.2916709189070362,0.29167465505900964,0.23570741749207189,0.20476826250375524,-0.017884630093369047,0.7708301880966926,0.7710376377809056,0.6100989312337439,0.5293894850824734,0.010848980560356214,0.4989790087355115,0.49909693601330857,0.36534450366796856,0.2949648671613663
1000,0.25,2,Aggregated cali.,-0.0022080582150607597,0.2901505719208651,0.29015897350777586,0.23428419230221215,0.2029193541775598,-0.015476607976599333,0.764756785076542,0.7649133713794455,0.6077531967121647,0.5205703216215967,0.012364348634929634,0.4915516381165147,0.4917071181630332,0.3631986190274294,0.2990601430069726
1000,0.25,2,Calibration by time,-0.002782851899851835,0.28798522183009534,0.28799866711015476,0.23281181587737598,0.20549526106535154,-0.020511201705663673,0.7385474415571569,0.738832208844493,0.59276606572494706,0.5473000119059188,0.015205567063365955,0.45847580102233426,0.4587278816387658,0.3507607591478737,0.2897359259360488
1000,0.25,2,Aggregated cali. with time,-0.0021100267563127773,0.2912908935551076,0.2912985356658104,0.23545506958804194,0.20526604739286114,-0.01970746135340118,0.7553806921129619,0.7556377267249519,0.6048581087665461,0.5407771703658009,0.016654845059405954,0.4775111164776898,0.4778014757446053,0.35750753723121886,0.2913717227706276
NA,NA,NA,NA,NA,NA,NA,NA,NA,NA,NA,NA,NA,NA,NA,NA,NA,NA,NA
1000,0.25,2,Naive miss.,-0.6965983564767839,0.2556493178114397,0.7420281961917694,0.6967143782662517,0.7049315567577139,0.701183430889655,0.6218394808502049,0.9371993084174998,0.7740611286712906,0.7172334808407688,0.7950501580284834,0.323646381034718,0.8584006836774924,0.7968046144876806,0.8027916850302228
1000,0.25,2,IPW miss.,-0.24737013142221542,0.33086522208430114,0.4131147263227711,0.33628473183187946,0.3150022293274972,0.22749982595600393,1.0384412965513872,1.0630693755316905,0.7114181665562628,0.5777443348121549,0.09959894679010084,0.7978326857664847,0.8040254627056657,0.441834706512097,0.3335810168649427
1000,0.25,2,Aggregated cali. miss.,-0.2492687498013879,0.32492296368576834,0.40952392110582514,0.3350347212316996,0.3156070095040988,0.23828756495063708,0.8938357541650616,0.9250531438971107,0.6846166153599813,0.5757664248106273,0.09974313788073497,0.754617969035531,0.7611813008381151,0.4325155737997664,0.33204321929648195
1000,0.25,2,Calibration by time miss.,-0.2758725942889697,0.30304013458213247,0.40980362546869137,0.34108588997421413,0.32513620449403646,0.29258645891251156,0.8540328997073218,0.9027618898255836,0.6494485375188637,0.5497862097828974,0.11652214749021095,0.667805803078783,0.6778952732402173,0.4098228638706373,0.3351417499955487
1000,0.25,2,Aggregated cali. with time miss.,-0.2497375812258582,0.32350364169496826,0.4086850445837828,0.33496853216251654,0.31437642390119436,0.22598253898541731,1.0000158045498269,1.0252315432504664,0.7042403944413674,0.5790717481179928,0.10864460106236118,0.7425873732778826,0.7504929421998218,0.42939835310349694,0.33159242426890745
NA,NA,NA,NA,NA,NA,NA,NA,NA,NA,NA,NA,NA,NA,NA,NA,NA,NA,NA
1000,0.5,1,Naive,-0.2629307283624627,0.30051089293658206,0.3992985908950306,0.33068352075930785,0.290431918433093,0.2618053864024761,0.47232082326619595,0.5400268701094483,0.4321851703510701,0.3874369187234845,0.21950016968858943,0.19395977830670674,0.2929175994953297,0.24670233595669694,0.2341377775540523
1000,0.5,1,IPW,1.3907750616226622e-4,0.3076982384239595,0.30769826985500026,0.24691302498312012,0.2124625060635026,0.002034524265877913,0.4812181248890573,0.48122242571468843,0.3789102676276079,0.31936804330440527,-0.01869834415469418,0.1980396455292851,0.19892040939906663,0.157008005455892,0.12905064606951355
1000,0.5,1,Aggregated cali.,4.095130725403351e-4,0.30709064307488987,0.30709091612274364,0.24628188555752747,0.21281512168180683,0.0016748293888291244,0.4811223239891708,0.4811252390950015,0.37900119791510495,0.31955729248359743,-0.01864334809525392,0.1977349741847622,0.19861191918928076,0.15677768664207964,0.13263263008592108
1000,0.5,1,Calibration by time,1.728632836233146e-4,0.30772670513916933,0.30772675369152436,0.24691255258551267,0.21538330675935669,0.0013775586353821367,0.48085973390217357,0.48086170710118215,0.37924879759194785,0.3132293767826302,-0.018204392231693234,0.19850175668578643,0.19933476190536487,0.15744452933987144,0.12980417130560462
1000,0.5,1,Aggregated cali. with time,1.1821175435500209e-4,0.30771279462016804,0.307712817326436,0.2468730967777081,0.2124283684476609,0.0019743133137373192,0.4803122351649431,0.48031629283442423,0.3780359437478581,0.32145254111212385,-0.01853875790538595,0.19679787891476494,0.19766914450673628,0.1559181373686564,0.13089835718993847
NA,NA,NA,NA,NA,NA,NA,NA,NA,NA,NA,NA,NA,NA,NA,NA,NA,NA,NA
1000,0.5,1,Naive miss.,-0.2629307283624627,0.30051089293658206,0.3992985908950306,0.33068352075930785,0.290431918433093,0.2618053864024761,0.47232082326619595,0.5400268701094483,0.4321851703510701,0.3874369187234845,0.21950016968858943,0.19395977830670674,0.2929175994953297,0.24670233595669694,0.2341377775540523
1000,0.5,1,IPW miss.,-0.126088116416895,0.30840557347575637,0.33318494991891606,0.27096951867803176,0.24019252712137273,0.12708750406064961,0.48325862202914494,0.4996900333745647,0.39446039770796787,0.33518306596741176,0.03215157298542115,0.19709598055401736,0.1997011497112284,0.15811079562971558,0.13663032238498984
1000,0.5,1,Aggregated cali. miss.,-0.1259321262473776,0.307938264629333,0.33269336519400344,0.2704591131231544,0.2391733708158057,0.1269606490670201,0.4829861437016929,0.4993942544917306,0.3941571521383996,0.3300245754613922,0.032281089573341415,0.19681661004383197,0.19944635051358525,0.15796389480014497,0.13543159209531397
1000,0.5,1,Calibration by time miss.,-0.1270277270831599,0.30871071982467946,0.3338238337545501,0.2715448656163548,0.23859058159458613,0.13092834965422018,0.48127679413305713,0.49876806765687276,0.3935342195496313,0.33658764482698267,0.03295178169233459,0.19724653972645387,0.19998004238113065,0.1583476494504126,0.1364086880279476
1000,0.5,1,Aggregated cali. with time miss.,-0.12607880387270143,0.3083938571487283,0.3331705808036498,0.27093732699291595,0.24048716934581904,0.12682927930207288,0.48270853249647316,0.49909236964031206,0.393697929310634,0.3300429328070402,0.03242646407805827,0.196342703435049,0.1990023436163233,0.15746181368614426,0.13498213459627384
NA,NA,NA,NA,NA,NA,NA,NA,NA,NA,NA,NA,NA,NA,NA,NA,NA,NA,NA
1000,0.5,1.5,Naive,-0.4546642100415994,0.32730199034202906,0.5602197218722359,0.4764973371396888,0.4471929212390293,0.4543209853320169,0.5300566054475182,0.69811715541992,0.566490642954666,0.49101975032170486,0.49311350737606796,0.2066334285877118,0.5346571845272824,0.49432812699638595,0.4951198650532709
1000,0.5,1.5,IPW,0.004525704924972729,0.34295056615960384,0.3429804263136028,0.27375534779155203,0.22384740394866043,-0.011404707516446955,0.5575206861089801,0.5576373219153857,0.44549590827995506,0.37501394626838813,0.012232467209106979,0.21827676210614058,0.218619253794268,0.17715057678956614,0.14462430412457028
1000,0.5,1.5,Aggregated cali.,0.004247121164937084,0.341894066116712,0.34192044467099114,0.27282949668448364,0.22639096326681596,-0.010913746049238782,0.5561664743970202,0.5562735452059882,0.4448788083065983,0.3785163485907219,0.01230006298409414,0.2177305652919256,0.21807771690788164,0.1767636454432332,0.14762963608718005
1000,0.5,1.5,Calibration by time,0.003823218598370204,0.3427529036187841,0.34277422589739504,0.27319753052755125,0.222993285344387,-0.013575333663463418,0.5500026287597609,0.5501701385269122,0.4405442488183425,0.3739059131000726,0.014498642219979985,0.2177570611011666,0.21823919969987104,0.17670211376344322,0.1482971850585959
1000,0.5,1.5,Aggregated cali. with time,0.0041533545475545,0.34289861320936005,0.3429237660106106,0.27369339011282934,0.22378198246637027,-0.010156877609921011,0.556964387559204,0.5570569909551285,0.44497600981141633,0.3718743771122508,0.012403373335551304,0.2162245603032827,0.21658001788819067,0.17552321628622633,0.14757049207535133
NA,NA,NA,NA,NA,NA,NA,NA,NA,NA,NA,NA,NA,NA,NA,NA,NA,NA,NA
1000,0.5,1.5,Naive miss.,-0.4546642100415994,0.32730199034202906,0.5602197218722359,0.4764973371396888,0.4471929212390293,0.4543209853320169,0.5300566054475182,0.69811715541992,0.566490642954666,0.49101975032170486,0.49311350737606796,0.2066334285877118,0.5346571845272824,0.49432812699638595,0.4951198650532709
1000,0.5,1.5,IPW miss.,-0.18363767419248234,0.351434422490226,0.3965210570623746,0.3151704055657719,0.2708782568976247,0.1741570657193119,0.5849725186064022,0.6103470578815616,0.4828867491245226,0.40293831316136064,0.07905414085862938,0.24278304482407279,0.2553295205042765,0.20457445096379476,0.181364288854027
1000,0.5,1.5,Aggregated cali. miss.,-0.18424645731349187,0.3509233152931824,0.39635076668139635,0.31492861408689454,0.2713543856240861,0.175674982559757,0.5813203803900518,0.6072850106450888,0.48232865800593633,0.39678716340457365,0.07950584723432241,0.24095319805875137,0.25373140010488904,0.203554195753526,0.18038244568273187
1000,0.5,1.5,Calibration by time miss.,-0.19177718227734886,0.3490169581674561,0.3982352630427186,0.31674939254840984,0.26952137401686826,0.19842277339127623,0.5579270605783191,0.5921606217284708,0.4682198141963428,0.4062609076138961,0.08782266460409183,0.23935731903034588,0.25496028434161583,0.2029601906514395,0.17244880823037811
1000,0.5,1.5,Aggregated cali. with time miss.,-0.1840530617606504,0.35170527832084625,0.39695356446593816,0.3154801108611254,0.27104253429754976,0.17475123732196352,0.5823332479341211,0.6079884921567675,0.4822841391202828,0.40258317888186257,0.08032835998046339,0.23993791304123077,0.25302736518355506,0.20255608584044324,0.17811710975146156
NA,NA,NA,NA,NA,NA,NA,NA,NA,NA,NA,NA,NA,NA,NA,NA,NA,NA,NA
1000,0.5,2,Naive,-0.6848029295118323,0.30977434267949505,0.7516084057875488,0.6862045105678513,0.6935417286978733,0.6614999610445969,0.5048787789054795,0.8321567039032319,0.7103631345020129,0.67907794342059,0.8038498601021118,0.22873658644547296,0.8357601471504321,0.8038498601021117,0.805322170977578
1000,0.5,2,IPW,7.412079428377183e-4,0.3485266682710779,0.3485274564296944,0.28146315446887216,0.24190958467773527,-0.040837830062206315,0.5838728541392674,0.5852992723085548,0.4735915987981249,0.3999111986084638,0.014419936059954175,0.3104435610478262,0.3107782797301455,0.2459500192243513,0.2063490113875439
1000,0.5,2,Aggregated cali.,-2.259122821612891e-4,0.3473368082272821,0.34733688169538657,0.28068385649040345,0.24217039469810686,-0.03891917163184111,0.5840972611033577,0.5853924430234411,0.4737211266252475,0.40295486568597605,0.015367830814441152,0.30809418706810177,0.3084772249763275,0.24472624759323847,0.20514969677040318
1000,0.5,2,Calibration by time,9.82126739160094e-4,0.34540293198276856,0.34540432828096523,0.27904476187801286,0.24079230331476253,-0.04381649302402568,0.5743069544143674,0.575976009005263,0.463386418151618,0.3970140160378417,0.019197299673843204,0.29486342171731417,0.2954876880372683,0.23447338009517565,0.19779444117497835
1000,0.5,2,Aggregated cali. with time,-7.632027147508325e-5,0.3482536868030262,0.348253695165872,0.2812388970599135,0.24121757279615252,-0.040848486394828853,0.5795506804770656,0.5809884595086018,0.47125112649871215,0.3984845943629072,0.01733649909122592,0.3034898132684219,0.3039845735533987,0.2415952147740235,0.20666337317769923
NA,NA,NA,NA,NA,NA,NA,NA,NA,NA,NA,NA,NA,NA,NA,NA,NA,NA,NA
1000,0.5,2,Naive miss.,-0.6848029295118323,0.30977434267949505,0.7516084057875488,0.6862045105678513,0.6935417286978733,0.6614999610445969,0.5048787789054795,0.8321567039032319,0.7103631345020129,0.67907794342059,0.8038498601021118,0.22873658644547296,0.8357601471504321,0.8038498601021117,0.805322170977578
1000,0.5,2,IPW miss.,-0.22545200302333512,0.4515860309206694,0.5047361181745543,0.3933206248858356,0.3354307745922256,0.18967515336578433,0.741631887005868,0.7655027887788642,0.5765059190613353,0.4795370819119231,0.09403612503352887,0.45346000814485526,0.463107732388538,0.3236850365579331,0.26123312710993885
1000,0.5,2,Aggregated cali. miss.,-0.22741567396505502,0.44563950742227904,0.500312361770676,0.3918428679877874,0.3336484440044529,0.20021723688198545,0.7054375450366005,0.733300124022847,0.5644293173089359,0.48057468142230064,0.0962163568474721,0.4369128747520818,0.4473817692409118,0.3182160784817618,0.2552727225635587
1000,0.5,2,Calibration by time miss.,-0.2603857511357859,0.38322134010018394,0.46331343052271673,0.37779009646000106,0.3340325826308401,0.24248948247523483,0.6232153935904351,0.6687290751262339,0.5326743190929931,0.4783469672702294,0.129047268937327,0.34754679372088443,0.3707316704111611,0.2903793385401894,0.24525976584583442
1000,0.5,2,Aggregated cali. with time miss.,-0.22859540630111042,0.44360402463199766,0.49903946782962544,0.39102668899041404,0.33530369961909656,0.20273157381148277,0.7143835473239322,0.7425927172462746,0.565000111964306,0.47377016035369923,0.10009757225169524,0.43124648244815506,0.4427110260594265,0.31708598185981185,0.2579714000335025
NA,NA,NA,NA,NA,NA,NA,NA,NA,NA,NA,NA,NA,NA,NA,NA,NA,NA,NA
1000,0.75,1,Naive,-0.2581034051114983,0.43491084840887756,0.5057319584462503,0.40990623344930605,0.37183257618329435,0.2726190437274676,0.5424677669121759,0.6071181278314474,0.48948851771407,0.41339635262095475,0.2313619434538361,0.1519940527536927,0.2768222190345789,0.23922226309035624,0.22450957880014832
1000,0.75,1,IPW,0.013514569678363841,0.44409750312454044,0.444303090102964,0.35810634070808034,0.29555304108554736,3.8939072436772193e-4,0.5517562953352747,0.5517564327375287,0.44010469120506834,0.3667846868554374,-0.004590318968439089,0.15555852651357163,0.15562623878801923,0.12349030075171766,0.10239464648918961
1000,0.75,1,Aggregated cali.,0.01322315341161584,0.4429735889788132,0.4431709064445879,0.35716432024693057,0.29106510434655064,8.083248557371192e-4,0.5508491392678191,0.5508497323419242,0.43930426644515297,0.3708674473163094,-0.004518609715231214,0.15537516553076905,0.15544085659012713,0.12334695779598069,0.10159311914308633
1000,0.75,1,Calibration by time,0.013101914326355768,0.4445546356486957,0.44474766355289574,0.35834096756861306,0.2895147711579611,0.002240890181155919,0.551780294069974,0.5517848444029166,0.44104044020156036,0.37109811209047594,-0.005336695721388285,0.15493865687851768,0.15503053801281128,0.12307284028311583,0.10105157624807393
1000,0.75,1,Aggregated cali. with time,0.013255017391045953,0.44419133957202817,0.44438906561348895,0.3580900696782797,0.29541861184814877,2.8563424592142894e-4,0.5518759526165886,0.5518760265343926,0.4402008213216811,0.3661162727246343,-0.004353462355238591,0.15491376491536002,0.1549749244062726,0.12314137413614847,0.10151326944570394
NA,NA,NA,NA,NA,NA,NA,NA,NA,NA,NA,NA,NA,NA,NA,NA,NA,NA,NA
1000,0.75,1,Naive miss.,-0.2581034051114983,0.43491084840887756,0.5057319584462503,0.40990623344930605,0.37183257618329435,0.2726190437274676,0.5424677669121759,0.6071181278314474,0.48948851771407,0.41339635262095475,0.2313619434538361,0.1519940527536927,0.2768222190345789,0.23922226309035624,0.22450957880014832
1000,0.75,1,IPW miss.,-0.11606057311954032,0.45135036495624703,0.4660334843967475,0.3737782237874969,0.3145719233146096,0.12959480050931216,0.5608116304417602,0.5755905638192775,0.4600482496287322,0.3973870374675821,0.047720789372118766,0.16006747341823008,0.16702954763991285,0.13081644908471296,0.11299322967468473
1000,0.75,1,Aggregated cali. miss.,-0.11606397052358375,0.45095073802996644,0.4656473057835412,0.37345636876099836,0.3146931432349973,0.12969245856633282,0.5608624375072762,0.5756620602537422,0.4603160148627223,0.3966350777367782,0.04791679835507612,0.15968904084334937,0.16672315175184857,0.13078472364898405,0.11238046972402427
1000,0.75,1,Calibration by time miss.,-0.11636089169215325,0.4513403846882485,0.46609870195692366,0.37379231408470465,0.3138874057965211,0.13430448795116412,0.560651337290096,0.5765133281104586,0.4614880586943809,0.4109304646870857,0.048190946903647,0.15761027276005027,0.16481312278750004,0.13011599513311772,0.11007524035673977
1000,0.75,1,Aggregated cali. with time miss.,-0.11619613751780378,0.45155133373412226,0.46626188925444145,0.3739247689301566,0.3151011266535946,0.12918579258157603,0.5611212037346833,0.5758002902791818,0.45988504099619776,0.398490443149099,0.04810274850032137,0.15945748888540964,0.16655499144404443,0.1305538328288356,0.11298871043847925
NA,NA,NA,NA,NA,NA,NA,NA,NA,NA,NA,NA,NA,NA,NA,NA,NA,NA,NA
1000,0.75,1.5,Naive,-0.45234767508841855,0.43103484719620816,0.6248275431311875,0.5173046322701534,0.45858981501694984,0.4322122776727877,0.5265305505802174,0.6812061902723768,0.5476813443675126,0.46359746336088925,0.4914512102233304,0.16036900793381234,0.5169550374410247,0.49145121022333027,0.4921427255966806
1000,0.75,1.5,IPW,0.00509668293355503,0.45150790797595214,0.45153667308619133,0.35773833871498634,0.29189475083961014,-0.01913551494983512,0.5542982453388409,0.5546284456445713,0.4474267972917775,0.3905360845575854,0.005256729545404681,0.1733184804376489,0.17339818011365982,0.13621659118030338,0.11138962148690101
1000,0.75,1.5,Aggregated cali.,0.004171502347929845,0.4506117603760719,0.4506310686371516,0.35722846542330433,0.29203033982590654,-0.017906669629283556,0.5536965773350303,0.5539860544903089,0.44677653339019846,0.39272034010251256,0.00521809779013882,0.17281738011067813,0.17289614053779817,0.13578297228455202,0.11152307172113818
1000,0.75,1.5,Calibration by time,0.003698300560827761,0.4506849888021944,0.45070016259002205,0.35828645253862806,0.293295749666278,-0.01989959163141819,0.5533786208779029,0.5537363016742057,0.4475303114100386,0.3850909390738573,0.006782313659090544,0.17185973781095468,0.1719935151656026,0.13572836462877302,0.11318244200146821
1000,0.75,1.5,Aggregated cali. with time,0.004399271233083368,0.45141315227386164,0.4514345884324847,0.357630828292476,0.2908604688236949,-0.018404557113565367,0.5542521012741081,0.5545575889745903,0.44774230202045345,0.3891836421314623,0.00564917851393032,0.17170654284835696,0.17179944724828686,0.134830370829678,0.10926112149029787
NA,NA,NA,NA,NA,NA,NA,NA,NA,NA,NA,NA,NA,NA,NA,NA,NA,NA,NA
1000,0.75,1.5,Naive miss.,-0.45234767508841855,0.43103484719620816,0.6248275431311875,0.5173046322701534,0.45858981501694984,0.4322122776727877,0.5265305505802174,0.6812061902723768,0.5476813443675126,0.46359746336088925,0.4914512102233304,0.16036900793381234,0.5169550374410247,0.49145121022333027,0.4921427255966806
1000,0.75,1.5,IPW miss.,-0.18838819308768961,0.46163228225249203,0.4985924942400247,0.3974268458360394,0.33085693293418217,0.17478214816365334,0.5703241972028606,0.5965052298444572,0.4740267101678039,0.4034424905168392,0.0754877447780129,0.19915006694078938,0.2129768738013386,0.1683044374290594,0.14083357688804488
1000,0.75,1.5,Aggregated cali. miss.,-0.1893786626454954,0.4606525218758781,0.49806126508292403,0.3969789115258827,0.3282341561217095,0.17880832307045402,0.5671682446704113,0.594686668895296,0.47202668659649627,0.4062191562572264,0.07511339236451642,0.1968293875908569,0.2106747007400214,0.1664863337771067,0.13900158695804565
1000,0.75,1.5,Calibration by time miss.,-0.1961245490204533,0.45761476131697365,0.49787157832483964,0.3974075722751186,0.3370281400452839,0.19323182361650293,0.5584409150113209,0.5909270625185824,0.46902288444700235,0.40017304813478694,0.08475471082451236,0.18867529087097554,0.20683743953209713,0.1670723533361953,0.1424921457914201
1000,0.75,1.5,Aggregated cali. with time miss.,-0.1893156666237985,0.46099955627214656,0.49835831739053904,0.397302512618282,0.33134643003840125,0.17742529962522902,0.5680420605838359,0.5951063094434746,0.4727843827492363,0.40095840268065164,0.07588095131036177,0.19661677806357358,0.2107512187102747,0.1666729460676881,0.14053925294126812
NA,NA,NA,NA,NA,NA,NA,NA,NA,NA,NA,NA,NA,NA,NA,NA,NA,NA,NA
1000,0.75,2,Naive,-0.708754716380966,0.4498210183910931,0.839447554394355,0.7325361043318114,0.6997978941539316,0.7097790866573241,0.5542617877943107,0.9005512096849633,0.7567320038854674,0.7019482399032273,0.799370090337046,0.17737529957658005,0.8188128835242754,0.7993700903370461,0.7939305371330918
1000,0.75,2,IPW,-0.0046539784084842495,0.5095315950830351,0.509552848979268,0.408754706981702,0.3611369943392546,-0.002939932652368249,0.6372465233156058,0.6372533049595173,0.5156359785955331,0.4525890822967593,0.011845501002604841,0.24176330764891743,0.24205332639595725,0.19097958144603733,0.1581139252576882
1000,0.75,2,Aggregated cali.,-0.006580809041011548,0.5064476965459936,0.5064904504374955,0.40702498466727577,0.3587488188589347,-8.554992919211912e-4,0.6341675334524177,0.6341681104913443,0.51372364953408,0.44472851298712657,0.011680762397607403,0.24050647188578195,0.24078995666168426,0.19024151189339786,0.15790495758858203
1000,0.75,2,Calibration by time,-0.007626379808726824,0.5007839137434508,0.5008419810011886,0.402249844551972,0.3615910555846966,-8.615083150598224e-5,0.6176767090269438,0.6176767150349134,0.4996229027834964,0.43544237842264666,0.012707556371856388,0.22912051495047217,0.22947263967652756,0.18031212085694925,0.14706491450118753
1000,0.75,2,Aggregated cali. with time,-0.00681761907407008,0.5087394954940745,0.5087851749072536,0.4083597951125305,0.35811545865828265,0.0021837703967699795,0.6349526274002167,0.6349563826717425,0.5135295735487418,0.44297616344408697,0.011860508449910157,0.23733183195168323,0.2376280078573071,0.18761610921109884,0.1560857249652121
NA,NA,NA,NA,NA,NA,NA,NA,NA,NA,NA,NA,NA,NA,NA,NA,NA,NA,NA
1000,0.75,2,Naive miss.,-0.708754716380966,0.4498210183910931,0.839447554394355,0.7325361043318114,0.6997978941539316,0.7097790866573241,0.5542617877943107,0.9005512096849633,0.7567320038854674,0.7019482399032273,0.799370090337046,0.17737529957658005,0.8188128835242754,0.7993700903370461,0.7939305371330918
1000,0.75,2,IPW miss.,-0.25566359727903887,0.5699226132945903,0.6246404246590143,0.484879172627942,0.40931799851669126,0.2041711839915461,1.0873115663457473,1.1063147448541721,0.6495932702681574,0.5464310516116009,0.10152719287865075,0.3770587160720502,0.39048821526356176,0.26455899076638245,0.2139613686036954
1000,0.75,2,Aggregated cali. miss.,-0.2589070419385706,0.5610324770477093,0.6178918163138829,0.4834392875688533,0.4117157238468323,0.23701615567092027,0.8110681820637813,0.8449900910692794,0.6183688894543636,0.521793024914945,0.09327105377506406,0.3621802773385793,0.37399738336699784,0.25868693943089277,0.20611047460560394
1000,0.75,2,Calibration by time miss.,-0.28913830405208785,0.5203876100395369,0.5953185899606854,0.4744613837649177,0.4028504312432517,0.3094500728357401,0.6653719797756582,0.7338114328958248,0.5795353701496219,0.4830159740785498,0.11527409944839428,0.3271010192050022,0.3468186770757733,0.24142344476598465,0.1955085871243334
1000,0.75,2,Aggregated cali. with time miss.,-0.2599472185826386,0.565160266473303,0.6220761072803109,0.48467655691090566,0.4108711521725894,0.21693247896148726,1.0741102242191134,1.095797642906942,0.6422988838822514,0.5286674435729344,0.10627696451206958,0.4018654365280831,0.41568091399751145,0.26463378911853636,0.21016588266514424
NA,NA,NA,NA,NA,NA,NA,NA,NA,NA,NA,NA,NA,NA,NA,NA,NA,NA,NA
NA,NA,NA,NA,NA,NA,NA,NA,NA,NA,NA,NA,NA,NA,NA,NA,NA,NA,NA
