size,treat,conf,var,Bias 0,SD 0,rootMSE 0,Bias k,SD k,rootMSE k
200,-1,1,Naive,0.15901959233891727,1.4209014848722432,1.4297721008817388,0.3011357355501154,0.9271117198105607,0.9747917071022941
200,-1,1,IPW,0.04695206282420905,1.4208599287788883,1.421635478388534,-0.05271688016843967,0.9384741475214963,0.9399536132282766
200,-1,1,Aggregated cali.,0.04733602313714513,1.4206291146741619,1.4214175250595207,-0.04845581890640638,0.9429591840977538,0.9442033622372841
200,-1,1,Calibration by time,0.049197803856452005,1.4196433817013994,1.420495601933664,-0.0519940629399418,0.9424514456223811,0.9438845850720938
200,-1,1,Aggregated cali. with time,0.04764829469903731,1.4211964432983115,1.4219949684972508,-0.04981910209186147,0.9432742409347296,0.9445889246355949
200,-1,1,Naive miss.,0.10381349222985392,1.646865005354742,1.6501338088261304,-0.12159748089020539,1.0204050433472072,1.0276246395679989
200,-1,1,IPW miss.,0.0970338907480075,1.646308275729907,1.6491653994340518,-0.2741679554206957,1.0512101916613654,1.0863751354077877
200,-1,1,Aggregated cali. miss.,0.09698329080826085,1.6463520387108286,1.6492061102431381,-0.2748113843630797,1.053618747818032,1.0888681108055236
200,-1,1,Calibration by time miss.,0.09526975421249606,1.6467502641118112,1.6495037915749178,-0.28424968457484034,1.0600343514869262,1.0974838083148217
200,-1,1,Aggregated cali. with time miss.,0.09720023487106655,1.646435592184823,1.6493022903252088,-0.2723312797414259,1.0520212647556788,1.0866982411984207
200,-1,1.5,Naive,0.19593449191591095,1.438632146003581,1.451913488000306,0.626459557292323,0.918968945149333,1.112185011170251
200,-1,1.5,IPW,0.0029802706499539866,1.444670476651562,1.4446735507102628,-0.012737502029182224,1.0127448084399437,1.012824906378196
200,-1,1.5,Aggregated cali.,0.003689577967588953,1.4447717552308952,1.4447764663429912,0.00436870194427641,1.0203473406137324,1.0203566930511085
200,-1,1.5,Calibration by time,0.004170311350127243,1.4452544167298718,1.445260433476942,-0.031633165553659026,1.0200665366374875,1.0205569049938097
200,-1,1.5,Aggregated cali. with time,0.0026969867534258896,1.4449527502504402,1.4449552671947528,0.0013168565669019472,1.0133167152810625,1.013317570941716
200,-1,1.5,Naive miss.,0.06705095968433739,1.6171417620604336,1.6185312199010913,0.14871076495676583,1.0416974234507164,1.0522587199153484
200,-1,1.5,IPW miss.,0.05310007072013967,1.6212570400372617,1.6221263845276874,-0.20741507764142852,1.2669117096205134,1.2837781328588564
200,-1,1.5,Aggregated cali. miss.,0.052591788347600144,1.6209974173442305,1.6218503393464714,-0.20257897617399223,1.2532209080511791,1.269488434750126
200,-1,1.5,Calibration by time miss.,0.05074174388867103,1.6195768933227472,1.6203715740402955,-0.19325066081842301,1.2158811137249015,1.2311428433044087
200,-1,1.5,Aggregated cali. with time miss.,0.05251982514034914,1.6203104994679973,1.6211614499237896,-0.1778721435050663,1.2161742955191583,1.2291128575182215
200,-1,2,Naive,0.33238560405724193,1.4323590696061355,1.470419223917945,0.9913567714796763,1.057642554325665,1.4496192676282706
200,-1,2,IPW,0.047158510542141485,1.441296217863273,1.4420675132404617,-0.03605937811328275,1.2714990325568847,1.2720102470275192
200,-1,2,Aggregated cali.,0.04833476089112043,1.4422543027623775,1.443064005145646,0.008448548788113186,1.2412793325155984,1.2413080839610264
200,-1,2,Calibration by time,0.047103439841227335,1.437863729260787,1.4386350607324339,-0.09135037364250387,1.267207183884873,1.2704955480654214
200,-1,2,Aggregated cali. with time,0.05048652081302052,1.4438204510206447,1.444702870340217,0.014814835164790985,1.2616410534710647,1.2617280321624538
200,-1,2,Naive miss.,0.17055183137938545,1.6317559472726468,1.64064481184884,0.5106764089679325,1.1891739816398263,1.2941889944229557
200,-1,2,IPW miss.,0.14332185401998387,1.6337587887469132,1.640033211141624,-0.27036918786855857,2.030702578122287,2.0486220877802737
200,-1,2,Aggregated cali. miss.,0.14357254973548983,1.6347890872880815,1.6410814839470185,-0.18571809598874367,1.8421889366539277,1.8515267455556275
200,-1,2,Calibration by time miss.,0.14905447179104048,1.6352943652100107,1.6420733529439293,-0.08190617462891403,1.5469591896553339,1.5491259974261065
200,-1,2,Aggregated cali. with time miss.,0.14399572597497468,1.633653053106755,1.6399869106258385,-0.12196770948895619,1.6668666447131633,1.671322988956743
200,0,1,Naive,0.18658989833397754,1.114535828930308,1.130046859262771,0.3631223217836812,0.7764268797165208,0.8571443986423197
200,0,1,IPW,0.07179114953301724,1.1225951003919248,1.1248883182677416,0.00898691228742532,0.792944568862595,0.7929954942376082
200,0,1,Aggregated cali.,0.07424321564993619,1.124314400155283,1.1267630298632347,0.01431111601823254,0.794175373448015,0.7943043068201138
200,0,1,Calibration by time,0.07390336168898592,1.1257835149973447,1.1282066430883617,0.013546986088823765,0.7939452456495812,0.7940608124833165
200,0,1,Aggregated cali. with time,0.07392608709908721,1.1236376321420667,1.1260668695595357,0.013438150159584161,0.7969471376425677,0.7970604268663659
200,0,1,Naive miss.,0.06884100049318587,1.4181478931447637,1.4198177806253292,-0.0887877554146943,0.897019641238211,0.9014030742562997
200,0,1,IPW miss.,0.05819921976210196,1.4196820495449622,1.4208744740409345,-0.2111483401266554,0.9189272034701783,0.942873706715679
200,0,1,Aggregated cali. miss.,0.05833912834472432,1.4199020244055807,1.4211000009876462,-0.2103522784021603,0.9196397470740679,0.9433903462657627
200,0,1,Calibration by time miss.,0.05388344882107532,1.4205324353561959,1.4215540179521347,-0.22287476225655922,0.9218783957666352,0.9484371018850869
200,0,1,Aggregated cali. with time miss.,0.05792778063831072,1.420098585343816,1.4212795713247932,-0.21012967392603166,0.9202534690901238,0.9439390484754129
200,0,1.5,Naive,0.2128365454776997,1.135419608188923,1.1551956898079079,0.6955127587604428,0.8103113502410217,1.06786819501659
200,0,1.5,IPW,0.018112271032245886,1.1346277699217673,1.1347723254642705,0.004634726227275898,0.8486902422357423,0.8487028973400319
200,0,1.5,Aggregated cali.,0.02089545183869035,1.133862843264963,1.134055363394772,0.012045530973518126,0.852504458478567,0.8525895533856069
200,0,1.5,Calibration by time,0.020852058034301457,1.136218740828477,1.1364100647803659,-7.795821798008973e-4,0.8471175228616789,0.847117881577105
200,0,1.5,Aggregated cali. with time,0.019232344458390394,1.1343581783518322,1.1345212029164784,0.01153905829730384,0.8567343461823472,0.8568120504491534
200,0,1.5,Naive miss.,0.0902322941198559,1.446303006860957,1.4491149901085068,0.23194038618953616,0.9223172578804107,0.9510338936808673
200,0,1.5,IPW miss.,0.06842366814578149,1.4486326778899619,1.4502477146381463,-0.12830575580086645,1.0615075170308514,1.0692336394280881
200,0,1.5,Aggregated cali. miss.,0.06814269274827289,1.448443064143831,1.4500450808996788,-0.111215808506957,1.037042651405901,1.042989173911617
200,0,1.5,Calibration by time miss.,0.06534801849837368,1.4482249642210734,1.4496985584992466,-0.0924194654648538,0.9602734105573956,0.9647105164868587
200,0,1.5,Aggregated cali. with time miss.,0.06834859595659992,1.4478679167433628,1.4494802637166204,-0.0978770115911658,1.0147933525268806,1.019502554057989
200,0,2,Naive,0.3113468244099167,1.1255087770191134,1.1677785972594292,1.1593057713950534,0.8887759165426321,1.460791737865489
200,0,2,IPW,0.040302268323849866,1.1383286148964873,1.139041837828709,0.08451682417919937,1.022658722535714,1.026145192625155
200,0,2,Aggregated cali.,0.043919269026264196,1.1400345038415318,1.14088017431324,0.11776426200216594,1.019934767911865,1.026710938969847
200,0,2,Calibration by time,0.03265431069885949,1.133767738719435,1.1342378892314426,0.050632093681313606,1.0050101091922368,1.0062847154206136
200,0,2,Aggregated cali. with time,0.04282769669226649,1.1382135236486228,1.1390189800967228,0.11469822144221631,1.0309491050706467,1.0373098569125694
200,0,2,Naive miss.,0.10198992218982195,1.465066862892293,1.4686125619009769,0.6904066675450045,0.9975114572441625,1.213132504685276
200,0,2,IPW miss.,0.07610713002753222,1.4765356299937147,1.4784957767548623,-0.0026102058348751456,2.29120408195721,2.291205568767648
200,0,2,Aggregated cali. miss.,0.07754071994358291,1.471319303289246,1.473361142246164,0.05084576753993986,2.1325080651655237,2.133114141360638
200,0,2,Calibration by time miss.,0.06975434226228927,1.4690633660365813,1.4707184780559381,0.1676537147812267,1.289321228202032,1.300175756416163
200,0,2,Aggregated cali. with time miss.,0.07829156492250888,1.474884195236339,1.476960716639396,0.16482883931378822,1.6097703547753928,1.6181869920943082
200,1,1,Naive,0.17307555896073445,1.060182869749736,1.0742173273692601,0.40918764692267207,0.8257330649286303,0.9215582590973525
200,1,1,IPW,0.058839404318083766,1.0700392440529198,1.071655755974768,0.06078373217926991,0.8414733308718377,0.8436658276036706
200,1,1,Aggregated cali.,0.06324105800054625,1.0700799283305864,1.0719470529988975,0.06587535846606407,0.8447801135723183,0.8473446778851517
200,1,1,Calibration by time,0.05680284890980669,1.069773895775101,1.0712808930089752,0.060189396899269276,0.8438381546252353,0.8459820297739309
200,1,1,Aggregated cali. with time,0.06119751872626278,1.0715436981766602,1.0732898179897006,0.06323209960765652,0.8441859635071969,0.8465507896182999
200,1,1,Naive miss.,0.08467689600400607,1.4765242963342515,1.4789503623794242,-0.0016759599469260422,0.9695451993700552,0.9695466479047121
200,1,1,IPW miss.,0.07185088382961435,1.4805337873591635,1.48227623775704,-0.09992841312767275,0.9848540266428095,0.9899106735179546
200,1,1,Aggregated cali. miss.,0.0719931175144719,1.4797897860887341,1.481540016328278,-0.09935013491178779,0.9835151412302233,0.9885203499858243
200,1,1,Calibration by time miss.,0.06114304474784671,1.482709107540079,1.4839692616436955,-0.12727187067835288,0.9928948106585381,1.0010185982780848
200,1,1,Aggregated cali. with time miss.,0.07170495200464355,1.4801702582361083,1.4819060677076452,-0.09942111480416926,0.9849417890506541,0.9899469106407711
200,1,1.5,Naive,0.17672805734562136,1.040073741501038,1.0549816083767172,0.6953399356945873,0.8614984939621394,1.1071031032703265
200,1,1.5,IPW,-0.019222143679201942,1.054846586268481,1.0550217113263083,0.035237062413665754,0.916259212724889,0.9169365275038277
200,1,1.5,Aggregated cali.,-0.014511105289103376,1.055791908438167,1.055891626115208,0.043249980573607516,0.9126235503588007,0.913647801666003
200,1,1.5,Calibration by time,-0.02604288789220277,1.0564779342684598,1.0567988728258173,0.019653129439839212,0.9165460187260174,0.9167567016058797
200,1,1.5,Aggregated cali. with time,-0.014873480230284564,1.0595675447221795,1.0596719314215832,0.04694267086676973,0.9170633539398032,0.9182640194886363
200,1,1.5,Naive miss.,0.04277836512129429,1.4799711157180393,1.4805892380677868,0.21859328355632712,0.9895969176503178,1.0134520625263668
200,1,1.5,IPW miss.,0.005106881357255233,1.477636903896402,1.4776457288517235,-0.08103331577928863,1.1422107856361037,1.1450816028081279
200,1,1.5,Aggregated cali. miss.,0.0065710641766534295,1.4780224461469527,1.4780370530533513,-0.07661290463504322,1.1378041574518059,1.1403805671227618
200,1,1.5,Calibration by time miss.,-5.070730294010062e-4,1.4824730019292662,1.482473088650255,-0.06965449977300686,1.0625728458038335,1.0648534180713725
200,1,1.5,Aggregated cali. with time miss.,0.00829421231864469,1.4789037621767303,1.4789270204234126,-0.06282483995559573,1.1271485552427953,1.1288980583300545
200,1,2,Naive,0.29345057939708763,1.1047462848405647,1.1430562525166976,1.100052405792919,0.9421389131769744,1.448358045240568
200,1,2,IPW,-0.005248248211382922,1.1514413334545999,1.151453294101413,0.0036849158445217967,1.094701533320184,1.0947077352692558
200,1,2,Aggregated cali.,0.005121130067295532,1.147279519035664,1.1472909486141127,0.028495913551813246,1.0929399609628903,1.0933113807871555
200,1,2,Calibration by time,-0.012783326036118758,1.1415154905097697,1.1415870656670501,-0.021794912100920882,1.0579308116724484,1.058155291287348
200,1,2,Aggregated cali. with time,0.004633732766222032,1.1460468915900468,1.1460562591786483,0.035403955151280364,1.0873544992543458,1.0879307179637052
200,1,2,Naive miss.,0.03862048534849549,1.573861985316355,1.5743357617460423,0.6072045647276321,1.0449411705295184,1.208552619166279
200,1,2,IPW miss.,-0.030133707616816885,1.5746691330396039,1.5749574339906567,-0.015670450001001868,1.5161085163213408,1.5161894987980002
200,1,2,Aggregated cali. miss.,-0.02625765726039031,1.5792919727479464,1.579510240470414,-0.0065936783036537605,1.4846125039749445,1.4846271463072223
200,1,2,Calibration by time miss.,-0.03142305436319237,1.5727621543583805,1.5730760320237311,0.06474866912571198,1.2483828777512902,1.2500608783639875
200,1,2,Aggregated cali. with time miss.,-0.025629498736856604,1.581979356685605,1.582186953613543,0.02560165069621778,1.431561645111795,1.4317905532142472
500,-1,1,Naive,0.08252785077037039,0.865195083633853,0.8691221887036175,0.37954658116538376,0.5733584279785003,0.6876012610578229
500,-1,1,IPW,-0.030920012330959423,0.8654127735891942,0.8659649622553378,0.035087833070420515,0.5866543322876214,0.5877026983274899
500,-1,1,Aggregated cali.,-0.031107949283490477,0.865200999834878,0.8657600560339433,0.03848515121925811,0.5877802385309927,0.5890388065925027
500,-1,1,Calibration by time,-0.029077325704694346,0.8647419802813894,0.8652307110425033,0.031101026707426094,0.5893178092395583,0.5901379111268557
500,-1,1,Aggregated cali. with time,-0.031122596068852815,0.8650069900721198,0.8655666980999751,0.03660229461001219,0.5852440808265862,0.5863875528294183
500,-1,1,Naive miss.,-0.008997795267315034,1.0182172117434347,1.0182569668852,-0.07393267984521579,0.6397380775276608,0.6439960007545718
500,-1,1,IPW miss.,-0.01593658139030918,1.0185074440204085,1.018632116198677,-0.23190069300380323,0.6682765120805976,0.7073693716964662
500,-1,1,Aggregated cali. miss.,-0.015934809200032873,1.0184812141688968,1.018605861832334,-0.23023034975142664,0.6685095672771992,0.707043885121576
500,-1,1,Calibration by time miss.,-0.01732608731945806,1.0186443753177328,1.0187917140751859,-0.2003975343511719,0.6579142868765976,0.6877575013406768
500,-1,1,Aggregated cali. with time miss.,-0.015818745899920827,1.0185324814596641,1.0186553138870023,-0.23017232854895475,0.6688479043940021,0.7073449088258826
500,-1,1.5,Naive,0.17287526958351762,0.9048590265029292,0.9212251172636374,0.6799352239225493,0.6093421087833543,0.9130222966977052
500,-1,1.5,IPW,-0.02322657487378521,0.9117232713230743,0.9120190772414882,0.01738842851182376,0.6543282777137329,0.654559281090667
500,-1,1.5,Aggregated cali.,-0.023408338859426614,0.911442754685477,0.9117433001655719,0.026538082753680747,0.6557858966645624,0.6563226432939712
500,-1,1.5,Calibration by time,-0.02321912165142237,0.9114956764521344,0.911791366377856,0.015288791055417583,0.6484805690721496,0.6486607708163606
500,-1,1.5,Aggregated cali. with time,-0.02255165110827928,0.9118191778514037,0.9120980156021168,0.025957110667767402,0.651956041536578,0.6524725677683798
500,-1,1.5,Naive miss.,0.06312256624091983,1.0479237383667332,1.0498231373909364,0.21595601521561658,0.7013740013167613,0.7338681695174495
500,-1,1.5,IPW miss.,0.048417233377339386,1.0482446014626399,1.0493621743628292,-0.22064063111232102,1.2176675651182285,1.2374960958478207
500,-1,1.5,Aggregated cali. miss.,0.0487009328801129,1.0483722547296261,1.049502818171668,-0.22973734869732,1.23530820434611,1.256489398726183
500,-1,1.5,Calibration by time miss.,0.049316836605809655,1.0490913639591741,1.050249894218764,-0.03749226514542592,0.788126579296728,0.789017854639359
500,-1,1.5,Aggregated cali. with time miss.,0.049427851609369355,1.048458759130969,1.0496232095915035,-0.19649575325408364,1.0447708142859438,1.0630882538296638
500,-1,2,Naive,0.35248324919168805,0.9536581799845152,1.0167144954273584,1.1294629597466015,0.6940110564540839,1.3256462287956265
500,-1,2,IPW,0.05500922478716763,0.9623896256891216,0.9639604797115557,0.08782173035439467,0.8497816975432901,0.8543076669455776
500,-1,2,Aggregated cali.,0.056209988925134624,0.962455133919859,0.9640951445078735,0.10752492394307911,0.8449433608223859,0.8517575313824901
500,-1,2,Calibration by time,0.05535143389951802,0.9624164699577292,0.964006868689549,0.05603628754347767,0.8333840606195285,0.8352658606793105
500,-1,2,Aggregated cali. with time,0.05725587572933488,0.9628325212295241,0.9645334101226017,0.11122650310444904,0.8406886180857837,0.8480145562263827
500,-1,2,Naive miss.,0.22545484085218082,1.1321123795110806,1.154343244059549,0.6179595823764688,0.7879501678930766,1.0013688194334929
500,-1,2,IPW miss.,0.18291188948701542,1.1377686139115588,1.1523776195839366,-0.18211255010499983,2.0805529217664485,2.088507946160764
500,-1,2,Aggregated cali. miss.,0.18456373034044304,1.1371054210599996,1.1519863320201411,-0.1428784129385594,1.9893271915107118,1.994451532569227
500,-1,2,Calibration by time miss.,0.20222966192331704,1.129360462841455,1.1473237952692712,0.17936757050223395,1.125680288204172,1.1398810624794598
500,-1,2,Aggregated cali. with time miss.,0.18917454612923823,1.1337147663215243,1.1493894815416887,-0.08882112712472257,1.7510707300463932,1.7533219596665395
500,0,1,Naive,0.14958077815447446,0.7070098781266919,0.7226599317535308,0.3585738590937453,0.4831299793622882,0.6016558728907964
500,0,1,IPW,0.03737249964499689,0.7114126455059616,0.7123936102433165,0.007682414236076518,0.4895440696008171,0.48960434594662694
500,0,1,Aggregated cali.,0.037725660430345975,0.7115619244540936,0.712561294056672,0.008132471612845471,0.4890629711255686,0.4891305825857779
500,0,1,Calibration by time,0.03680813710279285,0.7116918438016198,0.7126430519486786,0.007667528049256411,0.48967228596578555,0.4897323132378996
500,0,1,Aggregated cali. with time,0.037510639638669296,0.7111874147833849,0.712175952298571,0.00840788678130533,0.4885710474587159,0.4886433883467923
500,0,1,Naive miss.,0.08159750501106888,0.8693064432524604,0.873127622460929,-0.06534097189080157,0.5456154090025696,0.549513982668936
500,0,1,IPW miss.,0.07179356717749386,0.8693817400771231,0.8723410607483725,-0.19030208591579623,0.5783664109564605,0.6088699280031494
500,0,1,Aggregated cali. miss.,0.07179172882880458,0.8694443173945393,0.872403274511212,-0.1907912936990197,0.5789818984224073,0.609607542975118
500,0,1,Calibration by time miss.,0.06832934731514495,0.869191100079097,0.8718727362185518,-0.18264176944611776,0.5641971724751472,0.593023157537174
500,0,1,Aggregated cali. with time miss.,0.07179107181371425,0.8695274671997352,0.8724860882598349,-0.18999409401755862,0.577599282304899,0.6080449709361038
500,0,1.5,Naive,0.18143786028346742,0.7073279916146433,0.7302277623220361,0.66110338930251,0.48295048294039106,0.8187178148297636
500,0,1.5,IPW,-0.015196036073702679,0.7092029518986394,0.7093657353538421,-0.02041781751400329,0.511815256297725,0.5122223578204499
500,0,1.5,Aggregated cali.,-0.013732659242311485,0.7088851835380703,0.7090181869103704,-0.01696818903127273,0.5135916945420214,0.5138719180316687
500,0,1.5,Calibration by time,-0.014280446763518917,0.7074481798690605,0.7075922967075124,-0.01934014602901435,0.5116045713162355,0.51196999779293
500,0,1.5,Aggregated cali. with time,-0.014183972195430883,0.7084414942543437,0.7085834713345831,-0.019062623231846487,0.5142618506015457,0.5146150353308829
500,0,1.5,Naive miss.,0.1081085198234959,0.9394860338529825,0.9456857088183338,0.17961571878749272,0.5755421579123636,0.6029183874870361
500,0,1.5,IPW miss.,0.08864111114319773,0.9418033964096606,0.9459655829222715,-0.23192912277314193,0.8556464402590216,0.8865223904212767
500,0,1.5,Aggregated cali. miss.,0.08803453809362338,0.9409176941348844,0.945027082698409,-0.21971453144310793,0.8073608092327703,0.836723342337393
500,0,1.5,Calibration by time miss.,0.08740887136189635,0.9392586420845063,0.9433170768745741,-0.08510071993338286,0.6646010568651777,0.670027385499646
500,0,1.5,Aggregated cali. with time miss.,0.0883557250302136,0.9405650610124667,0.9447059691475438,-0.19975544182061533,0.7834449714183408,0.8085099008531894
500,0,2,Naive,0.2805326917584283,0.7351094504951845,0.7868192266032659,1.0867256602735598,0.5716751514047163,1.2279190280432215
500,0,2,IPW,-0.017057978575023114,0.7501787294770871,0.7503726412875955,-0.005982404542661968,0.6733799239844247,0.6734064977332649
500,0,2,Aggregated cali.,-0.015289905433453654,0.7498328815015214,0.7499887541750467,0.008737273440566184,0.6762676158558192,0.6763240556142366
500,0,2,Calibration by time,-0.014125705374503639,0.7469694938480532,0.7471030452969283,-0.008006987817756439,0.6474634644949532,0.6475129726188666
500,0,2,Aggregated cali. with time,-0.015917144584940424,0.7501801024045035,0.7503489465144662,0.01060981529918692,0.6771391084806981,0.6772222238045038
500,0,2,Naive miss.,0.13993045387304104,0.9279629661830857,0.9384539405471245,0.5654431235056263,0.6484004880983022,0.8603191959301592
500,0,2,IPW miss.,0.08903074129271094,0.9452146109166476,0.9493983008123825,-0.27525092034857224,1.8788159378163094,1.8988713482870065
500,0,2,Aggregated cali. miss.,0.08837596493923972,0.939435431109087,0.9435831920938704,-0.2458054133824792,1.8157332555804984,1.8322957066666632
500,0,2,Calibration by time miss.,0.10263349357856733,0.9301665012196001,0.9358116017635463,0.1324532587476499,1.1131198655582242,1.1209726583878978
500,0,2,Aggregated cali. with time miss.,0.09404169483030422,0.937182024955573,0.9418885222075829,-0.15877711291387442,1.6198140237896945,1.6275772311171677
500,1,1,Naive,0.15595465957337318,0.6525941857623994,0.6709702132982773,0.3335395081226915,0.5383471231474278,0.6332978986857913
500,1,1,IPW,0.04182620206936871,0.6555852564060957,0.6569181528901403,-0.024282413190919172,0.542004216234968,0.5425478836073885
500,1,1,Aggregated cali.,0.04304844015695952,0.6564836692087063,0.6578935902846853,-0.02321749787102334,0.5433403535062886,0.543836181175664
500,1,1,Calibration by time,0.040167881620036816,0.6556682133147205,0.6568974536905734,-0.02472471061700965,0.5426725713644961,0.5432355207701802
500,1,1,Aggregated cali. with time,0.043596456696016084,0.6567258133494402,0.6581712884621537,-0.02191874192738652,0.5436330745502974,0.5440747659951605
500,1,1,Naive miss.,0.08000783461885597,0.9740819756222525,0.977362240334948,-0.08406773562456671,0.6253981399826668,0.6310231514507383
500,1,1,IPW miss.,0.06509437803935914,0.9754046185788455,0.9775742672540404,-0.19304626479793896,0.6336303142756265,0.6623852621559942
500,1,1,Aggregated cali. miss.,0.0649820793505782,0.9752889806145448,0.9774514138026927,-0.19295459089643607,0.6338799972254577,0.6625974079564131
500,1,1,Calibration by time miss.,0.05845413193676041,0.975387566264069,0.9771375491521261,-0.19067599469228647,0.6354524528669748,0.6634434073879608
500,1,1,Aggregated cali. with time miss.,0.0646142873896034,0.9755487601603928,0.9776862429150499,-0.19329512615280642,0.6339620417552047,0.6627751324399982
500,1,1.5,Naive,0.1987690744757149,0.6708700497746016,0.6996969119929777,0.6527492495892098,0.5371723341624756,0.845361283374652
500,1,1.5,IPW,0.008247857300260009,0.6752117511100996,0.6752621239098284,-0.014112362336263118,0.5460362937188905,0.5462186309793656
500,1,1.5,Aggregated cali.,0.01056071077882681,0.6765268855979005,0.6766093079088913,-0.012333506770033864,0.5474327765000208,0.5475716940965523
500,1,1.5,Calibration by time,0.0077968940535999565,0.6785811908136175,0.6786259824696591,-0.015290537867141296,0.543826994619413,0.5440419107247616
500,1,1.5,Aggregated cali. with time,0.010471666598296459,0.675761175677086,0.6758423058331162,-0.011361343252422884,0.5477382322837854,0.5478560497300959
500,1,1.5,Naive miss.,0.062067494142577395,0.9583489096811905,0.9603567079560935,0.17676524793282233,0.6478188118726323,0.6715021711750612
500,1,1.5,IPW miss.,0.02765719802425526,0.9554647559489711,0.955864959323847,-0.1452836568118343,0.8588658797701635,0.8710671273616034
500,1,1.5,Aggregated cali. miss.,0.028303496621515656,0.9555333019613284,0.9559523937300034,-0.14598915573687066,0.8227070751661555,0.835559552109372
500,1,1.5,Calibration by time miss.,0.02393068968007217,0.9579092494279007,0.9582081235556752,-0.0495462676330547,0.7012027375133018,0.7029510023696635
500,1,1.5,Aggregated cali. with time miss.,0.027259871664738533,0.956413328934439,0.9568017330495557,-0.13653708761391314,0.7674976084158761,0.7795479172046955
500,1,2,Naive,0.26229414189838707,0.7222863388171141,0.7684372271799709,1.036163609815672,0.569465434355338,1.1823391675960657
500,1,2,IPW,-0.03845256814237086,0.7371354672171356,0.7381377222620238,-0.0440200531409598,0.6526972286524363,0.6541799732253377
500,1,2,Aggregated cali.,-0.034501189946285926,0.7371607458407196,0.7379676804008124,-0.03545624974857908,0.6551328950258154,0.6560916519748896
500,1,2,Calibration by time,-0.04043001260008783,0.7298379605436107,0.7309569307211612,-0.05938251461440913,0.6349653546953281,0.6377360619451392
500,1,2,Aggregated cali. with time,-0.03195361979168165,0.7363731923208301,0.737066151838871,-0.028190458723253542,0.6569224743799531,0.6575270635559479
500,1,2,Naive miss.,0.07454683862268752,0.9858869517328064,0.9887013263598072,0.5337899708661116,0.658702632990585,0.8478330565069833
500,1,2,IPW miss.,-0.005634904176090139,1.0095667050752688,1.0095824305828665,-0.2971205504045926,2.2141139605849305,2.2339608886302855
500,1,2,Aggregated cali. miss.,-0.0032294344265482167,1.0055451343842863,1.0055503202379419,-0.2393612011279096,2.0227418397089574,2.0368550107247625
500,1,2,Calibration by time miss.,0.011190920016117545,0.9906532043716613,0.9907164115036389,0.16453255206779804,1.0154148195154673,1.0286584546785058
500,1,2,Aggregated cali. with time miss.,0.0016506870054096012,1.0123676126330219,1.0123689583723288,-0.14768271857770543,1.6252201197731022,1.631916242667435
1000,-1,1,Naive,0.12104152185415096,0.6739241028669845,0.6847077817856598,0.3543971504726464,0.4175992402764052,0.5477102023356534
1000,-1,1,IPW,0.005565465717118023,0.675226633543678,0.6752495694596012,8.274651762008034e-5,0.4264846468861877,0.426484654913424
1000,-1,1,Aggregated cali.,0.005559559273287995,0.6749725221477033,0.6749954180242597,0.0017700773560873628,0.42665106980594336,0.4266547416124688
1000,-1,1,Calibration by time,0.005907902351227179,0.6742266069782145,0.6742524904422283,-0.0013274104308731438,0.42551750131437316,0.425519571751147
1000,-1,1,Aggregated cali. with time,0.005373953486223826,0.674948780482442,0.6749701738971936,9.161618914266256e-4,0.42615112396087335,0.42615210876602144
1000,-1,1,Naive miss.,0.12343103485836693,0.765646975583633,0.7755324052459522,-0.07961627458981724,0.47268420245123804,0.4793423686954077
1000,-1,1,IPW miss.,0.11576182812448366,0.7650593546141583,0.7737678055678944,-0.26887490510985046,0.6084988328381089,0.6652552473774047
1000,-1,1,Aggregated cali. miss.,0.11573014830238826,0.7650489552765779,0.7737527842895792,-0.2660505873621908,0.5973700620140233,0.6539372340113421
1000,-1,1,Calibration by time miss.,0.11491257039495295,0.7652491601287944,0.7738289060978533,-0.20599131575725416,0.4865546645254026,0.5283633822842304
1000,-1,1,Aggregated cali. with time miss.,0.11568762159475643,0.765005668914069,0.7737036249500927,-0.2593113504624771,0.5515649050883629,0.6094802876252917
1000,-1,1.5,Naive,0.22643226275493156,0.6653675720647754,0.7028410741922333,0.7029991435953962,0.4399816235623051,0.8293320354166854
1000,-1,1.5,IPW,0.02991004065463443,0.6649831569131138,0.6656554735823126,0.03353719439496139,0.47317729303351097,0.47436430520266437
1000,-1,1.5,Aggregated cali.,0.030204765417932045,0.66500224022725,0.6656878452857715,0.03517665633388578,0.4754140805603119,0.4767136930546878
1000,-1,1.5,Calibration by time,0.030242159537052338,0.6657586580852177,0.6664451808130165,0.034948020265428426,0.46663903662783324,0.4679458885655745
1000,-1,1.5,Aggregated cali. with time,0.029505025239358496,0.6649836309293983,0.6656378714574624,0.03598138874042789,0.4746565419360462,0.4760183747906958
1000,-1,1.5,Naive miss.,0.1277853465962906,0.7598881938060292,0.7705576953677924,0.2287208474105329,0.4843255058621384,0.535615927385294
1000,-1,1.5,IPW miss.,0.1044720133460304,0.7594134421644418,0.7665658339064031,-0.4128568600187634,1.4021669485091899,1.4616849654956865
1000,-1,1.5,Aggregated cali. miss.,0.1050004546347818,0.7600754357821512,0.7672937922027897,-0.396314858398755,1.336522390823351,1.394043603392588
1000,-1,1.5,Calibration by time miss.,0.11240051773696802,0.7592864754701966,0.767560960588468,-0.011246263046206906,0.6874592452525943,0.687551228866454
1000,-1,1.5,Aggregated cali. with time miss.,0.10622671714744314,0.7597157564321343,0.7671063459567864,-0.3463576910208417,1.1727744437099628,1.222850582020756
1000,-1,2,Naive,0.32792167502552605,0.6258971638797415,0.7065973993047602,1.0841379657255814,0.4691627853436715,1.1812996435617145
1000,-1,2,IPW,0.034512469522765876,0.6280007638143746,0.6289483841333864,-0.003962227933490325,0.5703881829257385,0.5704019446596607
1000,-1,2,Aggregated cali.,0.0347255728750131,0.6278703431779948,0.6288298921440925,0.003803918353732172,0.5675123843931451,0.5675251326896764
1000,-1,2,Calibration by time,0.033336818709696736,0.6281166425621346,0.6290006837398602,-0.008270622913023828,0.5526302682985093,0.5526921535928041
1000,-1,2,Aggregated cali. with time,0.03475905973587157,0.6285784383186005,0.6295387560371264,0.005753335250654246,0.565425753113855,0.5654550231016403
1000,-1,2,Naive miss.,0.17467234709041524,0.7654654708215826,0.7851419081020842,0.5673665556017475,0.518385317610981,0.7685233541864739
1000,-1,2,IPW miss.,0.1273429970693014,0.7763588796238926,0.7867333403850747,-0.8625696492542119,2.2840678882018173,2.4415143902359544
1000,-1,2,Aggregated cali. miss.,0.13044055901233875,0.775636035154973,0.7865278116293015,-0.8312608857084651,2.2802839203023684,2.4270742504707927
1000,-1,2,Calibration by time miss.,0.15372322114625891,0.767601461216058,0.78284278880284075,0.08856010466570652,1.0213908505132905,1.025222981429242
1000,-1,2,Aggregated cali. with time miss.,0.1338771549639377,0.7757669412450128,0.7872340438204393,-0.6275915752020698,1.7733455418170057,1.8811234930080651
1000,0,1,Naive,0.13535807364084462,0.5240411879151499,0.5412402190629237,0.36823114558798675,0.34228281954940726,0.5027441746452496
1000,0,1,IPW,0.02034285637018307,0.5292684846898135,0.5296592873641972,0.014906976005519823,0.3524129950036355,0.35272813466047975
1000,0,1,Aggregated cali.,0.02101973111482991,0.529314840881818,0.5297320359142762,0.015968199282461626,0.35138996660184085,0.3517526005828063
1000,0,1,Calibration by time,0.02080535723277155,0.5288381047381299,0.5292472049171355,0.013986835567833644,0.35220409428163074,0.3524817095934844
1000,0,1,Aggregated cali. with time,0.02034060591422726,0.5296446973477666,0.5300351362669886,0.015498955381883839,0.35116434588188133,0.3515062096700131
1000,0,1,Naive miss.,0.0766523191280486,0.670645842394422,0.6750121657782415,-0.05187228123829435,0.39906963013352054,0.4024267675686715
1000,0,1,IPW miss.,0.06661426616443755,0.6707160497354431,0.6740159344031444,-0.18998900485195236,0.4668116230636995,0.5039929695858868
1000,0,1,Aggregated cali. miss.,0.06674227275763034,0.6706375649905197,0.673950498589672,-0.1915280890649882,0.46906770891164207,0.5066631271806772
1000,0,1,Calibration by time miss.,0.06414158892980737,0.6710344927256212,0.6740930454009834,-0.15738456964580472,0.4283653692473181,0.4563625667525617
1000,0,1,Aggregated cali. with time miss.,0.0666772325085061,0.6705984514183816,0.6739051390067632,-0.18898097189418017,0.4562514091295788,0.4938412255682946
1000,0,1.5,Naive,0.22084121833236559,0.5268055059652536,0.5712222727011179,0.7016974383277059,0.3713677979859825,0.7939101563379966
1000,0,1.5,IPW,0.0233765824004184,0.5277018345641713,0.5282193586069291,0.017880642338461428,0.39379332148721774,0.39419905811451555
1000,0,1.5,Aggregated cali.,0.023505202541608483,0.5278119830264347,0.52833510575469,0.01947532821309572,0.39484499309021737,0.3953250017105187
1000,0,1.5,Calibration by time,0.024883735087064096,0.5275766527387267,0.5281631611414054,0.01810413070804362,0.39197683620569357,0.39239469883080613
1000,0,1.5,Aggregated cali. with time,0.023946640423904597,0.528053229476003,0.528595927668411,0.020185856919500367,0.3951997707211325,0.39571495751059277
1000,0,1.5,Naive miss.,0.10159895339858949,0.6796454894061029,0.6871974524121506,0.21950547347671456,0.4345030008372411,0.4868013050750831
1000,0,1.5,IPW miss.,0.07377850158530652,0.6836893268643772,0.6876586093145627,-0.22619513454008633,0.819672303569908,0.850309898877584
1000,0,1.5,Aggregated cali. miss.,0.07591515648481817,0.6810439677589464,0.6852619915076008,-0.1949055567550566,0.7408794275252267,0.7660877901285899
1000,0,1.5,Calibration by time miss.,0.08045539474280439,0.6789367083399431,0.6836871539488639,-0.007032773386535851,0.5378744645038186,0.5379204397183435
1000,0,1.5,Aggregated cali. with time miss.,0.07733199221264453,0.6798021484434795,0.6841865228488114,-0.16968855110337167,0.6574499672179671,0.6789953341301158
1000,0,2,Naive,0.2749768106536159,0.49818534776234313,0.5690350491158882,1.1061865096332646,0.3692196865878466,1.1661782758475019
1000,0,2,IPW,-0.014066028917054219,0.5052209639100217,0.5054167345306908,0.02181259413684078,0.4415315688747203,0.4420700346958052
1000,0,2,Aggregated cali.,-0.013306433152540542,0.5052584145748868,0.5054336026244903,0.029284865799342086,0.44357174029381075,0.4445373911744268
1000,0,2,Calibration by time,-0.015580924720152822,0.504281209262722,0.5045218560484851,0.00962144258966724,0.43246638918482305,0.43257340409699846
1000,0,2,Aggregated cali. with time,-0.012942661939858269,0.5066069784443513,0.5067722793391574,0.031854334316032684,0.44415077352730103,0.44529159911188243
1000,0,2,Naive miss.,0.07471202805197308,0.6337717389806232,0.6381602496757081,0.5846021963057435,0.41629951777768587,0.7176803023822187
1000,0,2,IPW miss.,0.025197372872716173,0.6289844904921195,0.6294889966308528,-0.646689466104041,2.4275987130569106,2.5122585012704204
1000,0,2,Aggregated cali. miss.,0.030099733686056673,0.6332978219021478,0.6340127169024105,-0.5570342354520843,2.274771633293889,2.341980598362044
1000,0,2,Calibration by time miss.,0.04377579314681057,0.6348708782109711,0.6363783089216681,0.18806869145984972,0.9648072805947453,0.9829663887417757
1000,0,2,Aggregated cali. with time miss.,0.03293510320000603,0.636261475924997,0.6371133233334951,-0.38541314238062085,1.5987280668254285,1.6445287233657782
1000,1,1,Naive,0.11342837653089166,0.4981761735674525,0.5109261164911638,0.3674821330335343,0.369621835296696,0.5212134104442958
1000,1,1,IPW,0.0021797016069609043,0.4974208985159711,0.4974256742263425,0.01807219607503363,0.37013639532092224,0.37057732716956726
1000,1,1,Aggregated cali.,0.0026716163767916967,0.49779193503555313,0.4977991041780862,0.01876401195919364,0.3712351206668948,0.3717090299701753
1000,1,1,Calibration by time,8.672730157206487e-4,0.49919348089640836,0.4991942342735507,0.017311925511504178,0.36928765556749277,0.3696932178434587
1000,1,1,Aggregated cali. with time,0.0028640674636895014,0.4975359038952211,0.4975441473349589,0.018438535369704745,0.37134393618698003,0.37180142351720463
1000,1,1,Naive miss.,0.01586090414351915,0.6977291592909607,0.6979094124634806,-0.06560312303511573,0.42791507498434284,0.43291463494644794
1000,1,1,IPW miss.,-4.0548529461492677e-4,0.6976321060173494,0.6976322238576185,-0.17208818894995304,0.43621190675360244,0.4689298160382727
1000,1,1,Aggregated cali. miss.,-3.5645461748856633e-4,0.6974952054291357,0.6974952965121174,-0.1722696494145275,0.43626215504776833,0.4690431750237149
1000,1,1,Calibration by time miss.,-0.0044401699764788916,0.6981403818834594,0.698154501472133,-0.15878233489182314,0.43360372887715926,0.46176186889984333
1000,1,1,Aggregated cali. with time miss.,-1.795373858346494e-4,0.6977810161430649,0.6977810392403344,-0.17123889002177073,0.4361076053788728,0.4685217187337026
1000,1,1.5,Naive,0.1861448915704207,0.4775595387114505,0.5125553957106072,0.6807995707084666,0.3632778606552643,0.771659808153242
1000,1,1.5,IPW,-0.012402771872841,0.48253425682472345,0.4826936272207433,-0.003721195291660706,0.38519719885900666,0.3852151727323624
1000,1,1.5,Aggregated cali.,-0.011895193144992433,0.4822378007161258,0.4823844857159925,-0.0027631199280424568,0.38587050568537296,0.3858803985558507
1000,1,1.5,Calibration by time,-0.011422209974180753,0.4835503757722873,0.48368526211805807,-0.0034555622128245034,0.38574364705018876,0.38575912451915806
1000,1,1.5,Aggregated cali. with time,-0.011380314958177706,0.4824736044222878,0.4826078019808441,-0.002076335209602931,0.3865411393794766,0.3865467159357153
1000,1,1.5,Naive miss.,0.053668706872526784,0.6682017347141168,0.6703535547547459,0.20147839610315987,0.44374896856805324,0.4873465822199976
1000,1,1.5,IPW miss.,0.019654193327554914,0.6687870622297958,0.6690757968431661,-0.13275962362033233,0.6754636359308674,0.6883866944739415
1000,1,1.5,Aggregated cali. miss.,0.019644559854871346,0.668307307981788,0.6685959666598027,-0.1276178053925019,0.676894008866249,0.688819136996222
1000,1,1.5,Calibration by time miss.,0.018896644074898106,0.6687986666239303,0.6690655719996661,0.00808348572876838,0.5051961670993177,0.5052608336229605
1000,1,1.5,Aggregated cali. with time miss.,0.017610739084006788,0.6687148834051899,0.6689467343658251,-0.12927495894431118,0.6367212528355055,0.6497122200039561
1000,1,2,Naive,0.2421959248755865,0.4597726743423401,0.5196631390605343,1.0760217042772027,0.39460622671154444,1.1460963232796528
1000,1,2,IPW,-0.062458781795680984,0.47151496244545343,0.4756337448429599,-0.045598248536620645,0.4869805269160285,0.48911065605343357
1000,1,2,Aggregated cali.,-0.05968785137573995,0.4708943462280098,0.4746621165748929,-0.0398072345243321,0.4812238395549173,0.48286747630840904
1000,1,2,Calibration by time,-0.06038029493951402,0.47052953047917556,0.4743878361319313,-0.04350376402508793,0.4624665139211236,0.46450818505458796
1000,1,2,Aggregated cali. with time,-0.060550318631543476,0.47231069447705026,0.476176157743933,-0.037933129358762585,0.4748330240818015,0.4763458019775311
1000,1,2,Naive miss.,0.07147970204657117,0.651725585665699,0.6556337291628345,0.568393023700283,0.44470896138748284,0.7216901618627513
1000,1,2,IPW miss.,-0.010381717724444073,0.6810017538837938,0.6810808827560154,-0.41493174479885653,1.8705350360597368,1.916003568360149
1000,1,2,Aggregated cali. miss.,-0.0045239731000412675,0.675917182185109,0.675932321690321,-0.35745611589435455,1.774185499640144,1.8098367500754386
1000,1,2,Calibration by time miss.,0.015878052528131015,0.6625884351721516,0.6627786560956581,0.2215767561202826,0.9220642744186068,0.9483136532877184
1000,1,2,Aggregated cali. with time miss.,-0.01025610455197512,0.67875449408226,0.6788319754677483,-0.2920240009392625,1.503127111128273,1.531231246198105
